"DateTime","Players","Twitch Viewers","Flags"
"2016-09-09 00:00:00",,40509,
"2016-09-10 00:00:00",,9690,
"2016-09-11 00:00:00",,0,
"2016-09-12 00:00:00",,1,
"2016-09-13 00:00:00",,22,
"2016-09-14 00:00:00",,0,
"2016-09-15 00:00:00",,0,
"2016-09-16 00:00:00",,0,
"2016-09-17 00:00:00",,0,
"2016-09-18 00:00:00",,1,
"2016-09-19 00:00:00",,0,
"2016-09-20 00:00:00",,0,
"2016-09-21 00:00:00",,0,
"2016-09-22 00:00:00",,0,
"2016-09-23 00:00:00",,0,
"2016-09-24 00:00:00",,0,
"2016-09-25 00:00:00",,0,
"2016-09-26 00:00:00",,0,
"2016-09-27 00:00:00",,59,
"2016-09-28 00:00:00",,0,
"2016-09-29 00:00:00",,0,
"2016-09-30 00:00:00",,0,
"2016-10-01 00:00:00",,0,
"2016-10-02 00:00:00",,0,
"2016-10-03 00:00:00",,0,
"2016-10-04 00:00:00",,4,
"2016-10-05 00:00:00",,0,
"2016-10-06 00:00:00",,0,
"2016-10-07 00:00:00",,0,
"2016-10-08 00:00:00",,0,
"2016-10-09 00:00:00",,0,
"2016-10-10 00:00:00",,0,
"2016-10-11 00:00:00",,0,
"2016-10-12 00:00:00",,0,
"2016-10-13 00:00:00",,0,
"2016-10-14 00:00:00",,0,
"2016-10-15 00:00:00",,0,
"2016-10-16 00:00:00",,0,
"2016-10-17 00:00:00",,0,
"2016-10-18 00:00:00",,0,
"2016-10-19 00:00:00",,0,
"2016-10-20 00:00:00",,0,
"2016-10-21 00:00:00",,0,
"2016-10-22 00:00:00",,0,
"2016-10-23 00:00:00",,0,
"2016-10-24 00:00:00",,0,
"2016-10-25 00:00:00",,0,
"2016-10-26 00:00:00",,0,
"2016-10-27 00:00:00",,0,
"2016-10-28 00:00:00",,0,
"2016-10-29 00:00:00",,0,
"2016-10-30 00:00:00",,0,
"2016-10-31 00:00:00",,0,
"2016-11-01 00:00:00",,0,
"2016-11-02 00:00:00",,0,
"2016-11-03 00:00:00",,10,
"2016-11-04 00:00:00",,0,
"2016-11-05 00:00:00",,0,
"2016-11-06 00:00:00",,12,
"2016-11-07 00:00:00",,0,
"2016-11-08 00:00:00",,0,
"2016-11-09 00:00:00",,1,
"2016-11-10 00:00:00",,1122,
"2016-11-11 00:00:00",,37,
"2016-11-12 00:00:00",,32767,
"2016-11-13 00:00:00",,42520,
"2016-11-14 00:00:00",,14093,
"2016-11-15 00:00:00",,13,
"2016-11-16 00:00:00",,4,
"2016-11-17 00:00:00",,2,
"2016-11-18 00:00:00",,3756,
"2016-11-19 00:00:00",,26582,
"2016-11-20 00:00:00",,8374,
"2016-11-21 00:00:00",,9064,
"2016-11-22 00:00:00",,7,
"2016-11-23 00:00:00",,18,
"2016-11-24 00:00:00",,5,
"2016-11-25 00:00:00",,5874,
"2016-11-26 00:00:00",,24314,
"2016-11-27 00:00:00",,38181,
"2016-11-28 00:00:00",,4798,
"2016-11-29 00:00:00",,4,
"2016-11-30 00:00:00",,7,
"2016-12-01 00:00:00",,2,
"2016-12-02 00:00:00",,2419,
"2016-12-03 00:00:00",,32259,
"2016-12-04 00:00:00",,32102,
"2016-12-05 00:00:00",,32673,
"2016-12-06 00:00:00",,25920,
"2016-12-07 00:00:00",,26,
"2016-12-08 00:00:00",,10,
"2016-12-09 00:00:00",,3,
"2016-12-10 00:00:00",,4,
"2016-12-11 00:00:00",,3,
"2016-12-12 00:00:00",,0,
"2016-12-13 00:00:00",,1,
"2016-12-14 00:00:00",,2,
"2016-12-15 00:00:00",,5,
"2016-12-16 00:00:00",,0,
"2016-12-17 00:00:00",,381,
"2016-12-18 00:00:00",,0,
"2016-12-19 00:00:00",,0,
"2016-12-20 00:00:00",,13,
"2016-12-21 00:00:00",,1,
"2016-12-22 00:00:00",,0,
"2016-12-23 00:00:00",,0,
"2016-12-24 00:00:00",,0,
"2016-12-25 00:00:00",,0,
"2016-12-26 00:00:00",,0,
"2016-12-27 00:00:00",,0,
"2016-12-28 00:00:00",,0,
"2016-12-29 00:00:00",,0,
"2016-12-30 00:00:00",,0,
"2016-12-31 00:00:00",,0,
"2017-01-01 00:00:00",,6,
"2017-01-02 00:00:00",,2,
"2017-01-03 00:00:00",,0,
"2017-01-04 00:00:00",,0,
"2017-01-05 00:00:00",,0,
"2017-01-06 00:00:00",,0,
"2017-01-07 00:00:00",,13,
"2017-01-08 00:00:00",,0,
"2017-01-09 00:00:00",,0,
"2017-01-10 00:00:00",,0,
"2017-01-11 00:00:00",,8,
"2017-01-12 00:00:00",,6,
"2017-01-13 00:00:00",,0,
"2017-01-14 00:00:00",,0,
"2017-01-15 00:00:00",,0,
"2017-01-16 00:00:00",,0,
"2017-01-17 00:00:00",,0,
"2017-01-18 00:00:00",,0,
"2017-01-19 00:00:00",,800,
"2017-01-20 00:00:00",,0,
"2017-01-21 00:00:00",,0,
"2017-01-22 00:00:00",,0,
"2017-01-23 00:00:00",,0,
"2017-01-24 00:00:00",,0,
"2017-01-25 00:00:00",,0,
"2017-01-26 00:00:00",,0,
"2017-01-27 00:00:00",,1,
"2017-01-28 00:00:00",,0,
"2017-01-29 00:00:00",,0,
"2017-01-30 00:00:00",,0,
"2017-01-31 00:00:00",,0,
"2017-02-01 00:00:00",1,0,
"2017-02-02 00:00:00",,0,
"2017-02-03 00:00:00",,0,
"2017-02-04 00:00:00",,0,
"2017-02-05 00:00:00",,0,
"2017-02-06 00:00:00",,0,
"2017-02-07 00:00:00",,0,
"2017-02-08 00:00:00",,0,
"2017-02-09 00:00:00",,0,
"2017-02-10 00:00:00",,0,
"2017-02-11 00:00:00",,0,
"2017-02-12 00:00:00",,0,
"2017-02-13 00:00:00",,0,
"2017-02-14 00:00:00",,0,
"2017-02-15 00:00:00",,3,
"2017-02-16 00:00:00",,0,
"2017-02-17 00:00:00",,0,
"2017-02-18 00:00:00",,0,
"2017-02-19 00:00:00",,0,
"2017-02-20 00:00:00",,0,
"2017-02-21 00:00:00",,0,
"2017-02-22 00:00:00",,0,
"2017-02-23 00:00:00",,2,
"2017-02-24 00:00:00",,85949,
"2017-02-25 00:00:00",,78446,
"2017-02-26 00:00:00",,64780,
"2017-02-27 00:00:00",,26155,
"2017-02-28 00:00:00",,74,
"2017-03-01 00:00:00",1,29,
"2017-03-02 00:00:00",,194,
"2017-03-03 00:00:00",3,72953,
"2017-03-04 00:00:00",,55840,
"2017-03-05 00:00:00",,31847,
"2017-03-06 00:00:00",1,24996,
"2017-03-07 00:00:00",,514,
"2017-03-08 00:00:00",,504,
"2017-03-09 00:00:00",,107,
"2017-03-10 00:00:00",1,52977,
"2017-03-11 00:00:00",,87594,
"2017-03-12 00:00:00",,98379,
"2017-03-13 00:00:00",,95879,
"2017-03-14 00:00:00",,58023,
"2017-03-15 00:00:00",,61,
"2017-03-16 00:00:00",,760,
"2017-03-17 00:00:00",,113068,
"2017-03-18 00:00:00",,96110,
"2017-03-19 00:00:00",,120217,
"2017-03-20 00:00:00",,115520,
"2017-03-21 00:00:00",,78331,
"2017-03-22 00:00:00",,202,
"2017-03-23 00:00:00",39523,150320,
"2017-03-24 00:00:00",46119,128257,
"2017-03-25 00:00:00",53667,122512,
"2017-03-26 00:00:00",65629,142303,
"2017-03-27 00:00:00",56310,127968,
"2017-03-28 00:00:00",57175,121928,
"2017-03-29 00:00:00",57121,112617,
"2017-03-30 00:00:00",58532,118253,
"2017-03-31 00:00:00",65738,132403,
"2017-04-01 00:00:00",75682,134109,
"2017-04-02 00:00:00",86648,117594,
"2017-04-03 00:00:00",72785,132288,
"2017-04-04 00:00:00",70046,133173,
"2017-04-05 00:00:00",70541,122331,
"2017-04-06 00:00:00",70104,105328,
"2017-04-07 00:00:00",71165,121733,
"2017-04-08 00:00:00",81031,91522,
"2017-04-09 00:00:00",89066,86787,
"2017-04-10 00:00:00",80357,116327,
"2017-04-11 00:00:00",74820,129200,
"2017-04-12 00:00:00",73028,103464,
"2017-04-13 00:00:00",77263,89713,
"2017-04-14 00:00:00",87933,121793,
"2017-04-15 00:00:00",91451,98966,
"2017-04-16 00:00:00",96368,107412,
"2017-04-17 00:00:00",103672,117870,
"2017-04-18 00:00:00",87811,119222,
"2017-04-19 00:00:00",85688,129844,
"2017-04-20 00:00:00",103411,108422,
"2017-04-21 00:00:00",110636,141896,
"2017-04-22 00:00:00",125305,103731,
"2017-04-23 00:00:00",138478,114397,
"2017-04-24 00:00:00",108786,143613,
"2017-04-25 00:00:00",105878,100793,
"2017-04-26 00:00:00",104189,128312,
"2017-04-27 00:00:00",100633,106490,
"2017-04-28 00:00:00",111007,87604,
"2017-04-29 00:00:00",125847,96570,
"2017-04-30 00:00:00",132224,105602,
"2017-05-01 00:00:00",143302,121997,
"2017-05-02 00:00:00",121663,128903,
"2017-05-03 00:00:00",121333,117649,
"2017-05-04 00:00:00",121746,320280,
"2017-05-05 00:00:00",127751,94137,
"2017-05-06 00:00:00",149613,135002,
"2017-05-07 00:00:00",161117,119624,
"2017-05-08 00:00:00",142099,116983,
"2017-05-09 00:00:00",139173,166750,
"2017-05-10 00:00:00",134549,140714,
"2017-05-11 00:00:00",135010,101489,
"2017-05-12 00:00:00",145591,110934,
"2017-05-13 00:00:00",165926,94832,
"2017-05-14 00:00:00",174516,86274,
"2017-05-15 00:00:00",145584,121426,
"2017-05-16 00:00:00",146877,111916,
"2017-05-17 00:00:00",148631,102151,
"2017-05-18 00:00:00",146887,116596,
"2017-05-19 00:00:00",158062,102745,
"2017-05-20 00:00:00",173348,118031,
"2017-05-21 00:00:00",186916,95358,
"2017-05-22 00:00:00",157947,105666,
"2017-05-23 00:00:00",160833,112339,
"2017-05-24 00:00:00",151991,85299,
"2017-05-25 00:00:00",143727,84338,
"2017-05-26 00:00:00",172888,95354,
"2017-05-27 00:00:00",182698,93827,
"2017-05-28 00:00:00",191573,72571,
"2017-05-29 00:00:00",180861,116827,
"2017-05-30 00:00:00",172266,91140,
"2017-05-31 00:00:00",171474,87824,
"2017-06-01 00:00:00",168779,73861,
"2017-06-02 00:00:00",176691,105404,
"2017-06-03 00:00:00",194697,99870,
"2017-06-04 00:00:00",209081,78357,
"2017-06-05 00:00:00",204449,95419,
"2017-06-06 00:00:00",185607,103506,
"2017-06-07 00:00:00",180441,90562,
"2017-06-08 00:00:00",178360,97749,
"2017-06-09 00:00:00",188136,80280,
"2017-06-10 00:00:00",197874,90129,
"2017-06-11 00:00:00",218071,82533,
"2017-06-12 00:00:00",197381,142751,
"2017-06-13 00:00:00",192862,125905,
"2017-06-14 00:00:00",193730,109507,
"2017-06-15 00:00:00",200558,92704,
"2017-06-16 00:00:00",206596,93165,
"2017-06-17 00:00:00",220910,108680,
"2017-06-18 00:00:00",232325,110949,
"2017-06-19 00:00:00",209239,112302,
"2017-06-20 00:00:00",212130,102455,
"2017-06-21 00:00:00",211893,109773,
"2017-06-22 00:00:00",211103,101420,
"2017-06-23 00:00:00",218507,109307,
"2017-06-24 00:00:00",239810,114179,
"2017-06-25 00:00:00",257712,117290,
"2017-06-26 00:00:00",232986,130613,
"2017-06-27 00:00:00",236180,99545,
"2017-06-28 00:00:00",237002,104518,
"2017-06-29 00:00:00",255147,133528,
"2017-06-30 00:00:00",269383,148584,
"2017-07-01 00:00:00",290001,118404,
"2017-07-02 00:00:00",313807,96878,
"2017-07-03 00:00:00",286085,119572,
"2017-07-04 00:00:00",289135,127308,
"2017-07-05 00:00:00",284355,145234,
"2017-07-06 00:00:00",282554,104655,
"2017-07-07 00:00:00",301208,133598,
"2017-07-08 00:00:00",321026,145064,
"2017-07-09 00:00:00",340604,119986,
"2017-07-10 00:00:00",319705,147775,
"2017-07-11 00:00:00",321086,157898,
"2017-07-12 00:00:00",321392,144117,
"2017-07-13 00:00:00",313880,114216,
"2017-07-14 00:00:00",335374,137605,
"2017-07-15 00:00:00",355330,106005,
"2017-07-16 00:00:00",382779,129752,
"2017-07-17 00:00:00",329145,135624,
"2017-07-18 00:00:00",356656,113836,
"2017-07-19 00:00:00",351955,125384,
"2017-07-20 00:00:00",357712,126671,
"2017-07-21 00:00:00",363785,111309,
"2017-07-22 00:00:00",386257,124520,
"2017-07-23 00:00:00",422618,116880,
"2017-07-24 00:00:00",364760,156931,
"2017-07-25 00:00:00",412085,148996,
"2017-07-26 00:00:00",415193,203409,
"2017-07-27 00:00:00",370084,162892,
"2017-07-28 00:00:00",430582,169857,
"2017-07-29 00:00:00",445820,142399,
"2017-07-30 00:00:00",481304,136479,
"2017-07-31 00:00:00",461344,133635,
"2017-08-01 00:00:00",479439,176533,
"2017-08-02 00:00:00",479612,162229,
"2017-08-03 00:00:00",423030,150394,
"2017-08-04 00:00:00",523078,130063,
"2017-08-05 00:00:00",546584,140558,
"2017-08-06 00:00:00",581224,120906,
"2017-08-07 00:00:00",555240,148279,
"2017-08-08 00:00:00",552038,143672,
"2017-08-09 00:00:00",552155,142041,
"2017-08-10 00:00:00",538332,161960,
"2017-08-11 00:00:00",559613,146529,
"2017-08-12 00:00:00",586190,196106,
"2017-08-13 00:00:00",614743,150534,
"2017-08-14 00:00:00",613642,168552,
"2017-08-15 00:00:00",617207,166500,
"2017-08-16 00:00:00",620133,181676,
"2017-08-17 00:00:00",628489,152252,
"2017-08-18 00:00:00",659152,168220,
"2017-08-19 00:00:00",699249,152896,
"2017-08-20 00:00:00",678113,140775,
"2017-08-21 00:00:00",687633,158604,
"2017-08-22 00:00:00",718030,143995,
"2017-08-23 00:00:00",710065,452803,
"2017-08-24 00:00:00",755998,416477,
"2017-08-25 00:00:00",774342,390396,
"2017-08-26 00:00:00",810668,424393,
"2017-08-27 00:00:00",877844,169080,
"2017-08-28 00:00:00",804696,170955,
"2017-08-29 00:00:00",874184,162099,
"2017-08-30 00:00:00",887388,152727,
"2017-08-31 00:00:00",857891,149157,
"2017-09-01 00:00:00",886154,169269,
"2017-09-02 00:00:00",936020,157620,
"2017-09-03 00:00:00",970240,136301,
"2017-09-04 00:00:00",954533,195428,
"2017-09-05 00:00:00",962950,175214,
"2017-09-06 00:00:00",968512,178033,
"2017-09-07 00:00:00",980039,168593,
"2017-09-08 00:00:00",1028275,216214,
"2017-09-09 00:00:00",1069054,211264,
"2017-09-10 00:00:00",1111155,164347,
"2017-09-11 00:00:00",1063156,187648,
"2017-09-12 00:00:00",1073334,184605,
"2017-09-13 00:00:00",1090862,167806,
"2017-09-14 00:00:00",1135586,174688,
"2017-09-15 00:00:00",1238017,140980,
"2017-09-16 00:00:00",1349413,195322,
"2017-09-17 00:00:00",1338091,147105,
"2017-09-18 00:00:00",1302950,159879,
"2017-09-19 00:00:00",1280976,197948,
"2017-09-20 00:00:00",1333200,164810,
"2017-09-21 00:00:00",1243166,161674,
"2017-09-22 00:00:00",1462708,162439,
"2017-09-23 00:00:00",1529218,156715,
"2017-09-24 00:00:00",1493939,148549,
"2017-09-25 00:00:00",1462955,175253,
"2017-09-26 00:00:00",1466143,145273,
"2017-09-27 00:00:00",1451925,125290,
"2017-09-28 00:00:00",1473144,130577,
"2017-09-29 00:00:00",1420977,123400,
"2017-09-30 00:00:00",1574445,123316,
"2017-10-01 00:00:00",1669015,118869,
"2017-10-02 00:00:00",1628409,146389,
"2017-10-03 00:00:00",1668715,170379,
"2017-10-04 00:00:00",1655027,125581,
"2017-10-05 00:00:00",1767288,144425,
"2017-10-06 00:00:00",1846134,155428,
"2017-10-07 00:00:00",1993691,159351,
"2017-10-08 00:00:00",1960892,126045,
"2017-10-09 00:00:00",1962803,167559,
"2017-10-10 00:00:00",1931930,134742,
"2017-10-11 00:00:00",2016498,146488,
"2017-10-12 00:00:00",2041534,153575,
"2017-10-13 00:00:00",2157343,155949,
"2017-10-14 00:00:00",2289971,126143,
"2017-10-15 00:00:00",2167546,132109,
"2017-10-16 00:00:00",2081099,168064,
"2017-10-17 00:00:00",1720392,122603,
"2017-10-18 00:00:00",2112689,132740,
"2017-10-19 00:00:00",2085661,134842,
"2017-10-20 00:00:00",2275603,120344,
"2017-10-21 00:00:00",2251203,182187,
"2017-10-22 00:00:00",2128994,147647,
"2017-10-23 00:00:00",2160577,160368,
"2017-10-24 00:00:00",2178295,137606,
"2017-10-25 00:00:00",2185097,150521,
"2017-10-26 00:00:00",2158697,137152,
"2017-10-27 00:00:00",2387794,119923,
"2017-10-28 00:00:00",2390946,111974,
"2017-10-29 00:00:00",2276682,120692,
"2017-10-30 00:00:00",2247503,148151,
"2017-10-31 00:00:00",2237373,161655,
"2017-11-01 00:00:00",2303015,143235,
"2017-11-02 00:00:00",2328745,151177,
"2017-11-03 00:00:00",2524595,90338,
"2017-11-04 00:00:00",2557336,115665,
"2017-11-05 00:00:00",2451505,80700,
"2017-11-06 00:00:00",2399159,145590,
"2017-11-07 00:00:00",2377139,114139,
"2017-11-08 00:00:00",2406967,118932,
"2017-11-09 00:00:00",2435545,103615,
"2017-11-10 00:00:00",2552565,110067,
"2017-11-11 00:00:00",2641811,103338,
"2017-11-12 00:00:00",2580337,107568,
"2017-11-13 00:00:00",2531936,110170,
"2017-11-14 00:00:00",2522283,218135,
"2017-11-15 00:00:00",2545420,113564,
"2017-11-16 00:00:00",2567825,94755,
"2017-11-17 00:00:00",2793176,119493,
"2017-11-18 00:00:00",2904846,128227,
"2017-11-19 00:00:00",2778309,118773,
"2017-11-20 00:00:00",2686146,125943,
"2017-11-21 00:00:00",2674342,120771,
"2017-11-22 00:00:00",2618738,146819,
"2017-11-23 00:00:00",2642524,101479,
"2017-11-24 00:00:00",2891657,107401,
"2017-11-25 00:00:00",2940359,113381,
"2017-11-26 00:00:00",2798630,104280,
"2017-11-27 00:00:00",2683770,138467,
"2017-11-28 00:00:00",2631504,127683,
"2017-11-29 00:00:00",2670554,106770,
"2017-11-30 00:00:00",2664769,101275,
"2017-12-01 00:00:00",2903859,88549,
"2017-12-02 00:00:00",2961112,132402,
"2017-12-03 00:00:00",2817793,150963,
"2017-12-04 00:00:00",2711041,89340,
"2017-12-05 00:00:00",2709615,241543,
"2017-12-06 00:00:00",2729519,280810,
"2017-12-07 00:00:00",2796272,109401,
"2017-12-08 00:00:00",2845552,226810,
"2017-12-09 00:00:00",2913526,132297,
"2017-12-10 00:00:00",2751550,123920,
"2017-12-11 00:00:00",2652413,148786,
"2017-12-12 00:00:00",2668501,132699,
"2017-12-13 00:00:00",2680201,112827,
"2017-12-14 00:00:00",2616642,110841,
"2017-12-15 00:00:00",2804838,91708,
"2017-12-16 00:00:00",2869156,126657,
"2017-12-17 00:00:00",2648933,109140,
"2017-12-18 00:00:00",2600604,171341,
"2017-12-19 00:00:00",2648596,103680,
"2017-12-20 00:00:00",2699268,86669,
"2017-12-21 00:00:00",1901658,177060,
"2017-12-22 00:00:00",2912831,134210,
"2017-12-23 00:00:00",2893414,121201,
"2017-12-24 00:00:00",2701140,99449,
"2017-12-25 00:00:00",2720182,96413,
"2017-12-26 00:00:00",2879002,117678,
"2017-12-27 00:00:00",2911567,126266,
"2017-12-28 00:00:00",2940119,130790,
"2017-12-29 00:00:00",3105063,125172,
"2017-12-30 00:00:00",3027050,169414,
"2017-12-31 00:00:00",2735776,96185,
"2018-01-01 00:00:00",2792515,124353,
"2018-01-02 00:00:00",2987585,132889,
"2018-01-03 00:00:00",2948824,134475,
"2018-01-04 00:00:00",2908153,134882,
"2018-01-05 00:00:00",3111095,118046,
"2018-01-06 00:00:00",3165053,122278,
"2018-01-07 00:00:00",3028424,135664,
"2018-01-08 00:00:00",2916008,185748,
"2018-01-09 00:00:00",2882162,117016,
"2018-01-10 00:00:00",2821337,139053,
"2018-01-11 00:00:00",2608675,142807,
"2018-01-12 00:00:00",3119191,105750,
"2018-01-13 00:00:00",3257248,192427,
"2018-01-14 00:00:00",3149524,132275,
"2018-01-15 00:00:00",3035560,128291,
"2018-01-16 00:00:00",2984565,134591,
"2018-01-17 00:00:00",3021621,128448,
"2018-01-18 00:00:00",2995704,122960,
"2018-01-19 00:00:00",3082953,107115,
"2018-01-20 00:00:00",3156713,109321,
"2018-01-21 00:00:00",3088609,106445,
"2018-01-22 00:00:00",2975607,95865,
"2018-01-23 00:00:00",2972069,113628,
"2018-01-24 00:00:00",2935037,114918,
"2018-01-25 00:00:00",2655842,113704,
"2018-01-26 00:00:00",3034540,94626,
"2018-01-27 00:00:00",3092549,91686,
"2018-01-28 00:00:00",3071708,90910,
"2018-01-29 00:00:00",2915453,97782,
"2018-01-30 00:00:00",2940731,94657,
"2018-01-31 00:00:00",2894346,111437,
"2018-02-01 00:00:00",2734796,116198,
"2018-02-02 00:00:00",2811749,120335,
"2018-02-03 00:00:00",2957507,112900,
"2018-02-04 00:00:00",2933527,94471,
"2018-02-05 00:00:00",2820516,482947,
"2018-02-06 00:00:00",2803438,202481,
"2018-02-07 00:00:00",2543501,122249,
"2018-02-08 00:00:00",2750007,147751,
"2018-02-09 00:00:00",2679866,130905,
"2018-02-10 00:00:00",2690449,128359,
"2018-02-11 00:00:00",2700520,100166,
"2018-02-12 00:00:00",2540839,139209,
"2018-02-13 00:00:00",2434563,136666,
"2018-02-14 00:00:00",2177418,120581,
"2018-02-15 00:00:00",1684566,117033,
"2018-02-16 00:00:00",2041561,73515,
"2018-02-17 00:00:00",2165638,93172,
"2018-02-18 00:00:00",2258546,85143,
"2018-02-19 00:00:00",2233947,131522,
"2018-02-20 00:00:00",2316442,114308,
"2018-02-21 00:00:00",2437625,92332,
"2018-02-22 00:00:00",2187318,123726,
"2018-02-23 00:00:00",2597848,113319,
"2018-02-24 00:00:00",2713437,126634,
"2018-02-25 00:00:00",2750196,132064,
"2018-02-26 00:00:00",2498316,116895,
"2018-02-27 00:00:00",2712416,121979,
"2018-02-28 00:00:00",2731402,358345,
"2018-03-01 00:00:00",2646691,338527,
"2018-03-02 00:00:00",2670202,140849,
"2018-03-03 00:00:00",2802807,149804,
"2018-03-04 00:00:00",2697444,149400,
"2018-03-05 00:00:00",2603557,96542,
"2018-03-06 00:00:00",2597254,139945,
"2018-03-07 00:00:00",2611750,105786,
"2018-03-08 00:00:00",2546480,107670,
"2018-03-09 00:00:00",2652781,88522,
"2018-03-10 00:00:00",2736269,119591,
"2018-03-11 00:00:00",2608166,100141,
"2018-03-12 00:00:00",2464229,108767,
"2018-03-13 00:00:00",2100904,119793,
"2018-03-14 00:00:00",2519524,90560,
"2018-03-15 00:00:00",2508880,89531,
"2018-03-16 00:00:00",2724247,122907,
"2018-03-17 00:00:00",2807003,96373,
"2018-03-18 00:00:00",2613261,103537,
"2018-03-19 00:00:00",2466420,136202,
"2018-03-20 00:00:00",2435565,109778,
"2018-03-21 00:00:00",2402488,130705,
"2018-03-22 00:00:00",2327636,104070,
"2018-03-23 00:00:00",2551186,99504,
"2018-03-24 00:00:00",2747269,118346,
"2018-03-25 00:00:00",2522023,160571,
"2018-03-26 00:00:00",2331646,151859,
"2018-03-27 00:00:00",2392156,162396,
"2018-03-28 00:00:00",2350681,122715,
"2018-03-29 00:00:00",2404535,111670,
"2018-03-30 00:00:00",2634331,219882,
"2018-03-31 00:00:00",2486554,139795,
"2018-04-01 00:00:00",2347833,112132,
"2018-04-02 00:00:00",2222281,148978,
"2018-04-03 00:00:00",2226291,283401,
"2018-04-04 00:00:00",2461794,223125,
"2018-04-05 00:00:00",2433921,197847,
"2018-04-06 00:00:00",2438825,123076,
"2018-04-07 00:00:00",2339259,116370,
"2018-04-08 00:00:00",2260520,108938,
"2018-04-09 00:00:00",2150591,148593,
"2018-04-10 00:00:00",2144661,142754,
"2018-04-11 00:00:00",2124506,129324,
"2018-04-12 00:00:00",1877716,111692,
"2018-04-13 00:00:00",2428897,97174,
"2018-04-14 00:00:00",2408125,111577,
"2018-04-15 00:00:00",2222605,133989,
"2018-04-16 00:00:00",1989003,97644,
"2018-04-17 00:00:00",1945381,127287,
"2018-04-18 00:00:00",1954853,110159,
"2018-04-19 00:00:00",1992584,106739,
"2018-04-20 00:00:00",2298063,70973,
"2018-04-21 00:00:00",2306962,102663,
"2018-04-22 00:00:00",2167270,98044,
"2018-04-23 00:00:00",1976595,101711,
"2018-04-24 00:00:00",1911117,106000,
"2018-04-25 00:00:00",1940222,140407,
"2018-04-26 00:00:00",1857855,131493,
"2018-04-27 00:00:00",1861128,127835,
"2018-04-28 00:00:00",2028515,94074,
"2018-04-29 00:00:00",1978515,111441,
"2018-04-30 00:00:00",1990013,122653,
"2018-05-01 00:00:00",1920870,104725,
"2018-05-02 00:00:00",1854643,96442,
"2018-05-03 00:00:00",1599724,111021,
"2018-05-04 00:00:00",2179344,111395,
"2018-05-05 00:00:00",2120708,86173,
"2018-05-06 00:00:00",1996661,105849,
"2018-05-07 00:00:00",1823331,129211,
"2018-05-08 00:00:00",1808215,116581,
"2018-05-09 00:00:00",1807300,100588,
"2018-05-10 00:00:00",1824830,119777,
"2018-05-11 00:00:00",1838953,106881,
"2018-05-12 00:00:00",1885965,108897,
"2018-05-13 00:00:00",1725044,108148,
"2018-05-14 00:00:00",1603647,89755,
"2018-05-15 00:00:00",1582474,97524,
"2018-05-16 00:00:00",1594080,136178,
"2018-05-17 00:00:00",1567378,134223,
"2018-05-18 00:00:00",1802768,104760,
"2018-05-19 00:00:00",1806076,84757,
"2018-05-20 00:00:00",1681088,91400,
"2018-05-21 00:00:00",1580484,109762,
"2018-05-22 00:00:00",1575365,104974,
"2018-05-23 00:00:00",1540243,101210,
"2018-05-24 00:00:00",1558344,134710,
"2018-05-25 00:00:00",1684366,85818,
"2018-05-26 00:00:00",1734247,96218,
"2018-05-27 00:00:00",1570216,91154,
"2018-05-28 00:00:00",1483945,178832,
"2018-05-29 00:00:00",1500954,92504,
"2018-05-30 00:00:00",1533069,226860,
"2018-05-31 00:00:00",1489915,185559,
"2018-06-01 00:00:00",1625791,154414,
"2018-06-02 00:00:00",1652570,91471,
"2018-06-03 00:00:00",1586565,93643,
"2018-06-04 00:00:00",1539619,125942,
"2018-06-05 00:00:00",1586049,87022,
"2018-06-06 00:00:00",1533823,118649,
"2018-06-07 00:00:00",1536429,106983,
"2018-06-08 00:00:00",1767366,86416,
"2018-06-09 00:00:00",1724861,81625,
"2018-06-10 00:00:00",1586492,99917,
"2018-06-11 00:00:00",1487069,98059,
"2018-06-12 00:00:00",1508372,79305,
"2018-06-13 00:00:00",1506084,77129,
"2018-06-14 00:00:00",1477682,73650,
"2018-06-15 00:00:00",1471233,67446,
"2018-06-16 00:00:00",1408530,61060,
"2018-06-17 00:00:00",1495313,76356,
"2018-06-18 00:00:00",1432449,96693,
"2018-06-19 00:00:00",1290032,68699,
"2018-06-20 00:00:00",1285109,67740,
"2018-06-21 00:00:00",1359864,68063,
"2018-06-22 00:00:00",1524462,98394,
"2018-06-23 00:00:00",1688343,97437,
"2018-06-24 00:00:00",1637530,96493,
"2018-06-25 00:00:00",1578485,108448,
"2018-06-26 00:00:00",1520207,112494,
"2018-06-27 00:00:00",1440186,142412,
"2018-06-28 00:00:00",1289154,197029,
"2018-06-29 00:00:00",1356343,194227,
"2018-06-30 00:00:00",1336887,115171,
"2018-07-01 00:00:00",1353031,85652,
"2018-07-02 00:00:00",1295000,76388,
"2018-07-03 00:00:00",1297869,94822,
"2018-07-04 00:00:00",1306329,105671,
"2018-07-05 00:00:00",1244353,112208,
"2018-07-06 00:00:00",1309303,85244,
"2018-07-07 00:00:00",1335704,74540,
"2018-07-08 00:00:00",1324480,90705,
"2018-07-09 00:00:00",1285515,114681,
"2018-07-10 00:00:00",1284166,93911,
"2018-07-11 00:00:00",1277500,78943,
"2018-07-12 00:00:00",1202176,85560,
"2018-07-13 00:00:00",1272032,178200,
"2018-07-14 00:00:00",1241282,125462,
"2018-07-15 00:00:00",1250115,133252,
"2018-07-16 00:00:00",1236782,114612,
"2018-07-17 00:00:00",1250318,101865,
"2018-07-18 00:00:00",1237700,96954,
"2018-07-19 00:00:00",1252752,76647,
"2018-07-20 00:00:00",1335064,105741,
"2018-07-21 00:00:00",1339071,124029,
"2018-07-22 00:00:00",1329078,104377,
"2018-07-23 00:00:00",1255994,185310,
"2018-07-24 00:00:00",1283262,105354,
"2018-07-25 00:00:00",1280741,359799,
"2018-07-26 00:00:00",1299484,387338,
"2018-07-27 00:00:00",1307656,597309,
"2018-07-28 00:00:00",1258122,347645,
"2018-07-29 00:00:00",1254035,379345,
"2018-07-30 00:00:00",1290744,97554,
"2018-07-31 00:00:00",1271022,83728,
"2018-08-01 00:00:00",1243027,103292,
"2018-08-02 00:00:00",1226603,109466,
"2018-08-03 00:00:00",1248850,76549,
"2018-08-04 00:00:00",1243783,122549,
"2018-08-05 00:00:00",1255623,92294,
"2018-08-06 00:00:00",1181571,89683,
"2018-08-07 00:00:00",1175902,88910,
"2018-08-08 00:00:00",1073724,101617,
"2018-08-09 00:00:00",1172262,90512,
"2018-08-10 00:00:00",1114489,84840,
"2018-08-11 00:00:00",1172157,146882,
"2018-08-12 00:00:00",1184981,89692,
"2018-08-13 00:00:00",1138388,101848,
"2018-08-14 00:00:00",1139534,91336,
"2018-08-15 00:00:00",1115512,65502,
"2018-08-16 00:00:00",1090274,82457,
"2018-08-17 00:00:00",1053776,70692,
"2018-08-18 00:00:00",1187422,77499,
"2018-08-19 00:00:00",1174141,93985,
"2018-08-20 00:00:00",1097494,85603,
"2018-08-21 00:00:00",1124698,88032,
"2018-08-22 00:00:00",1138021,105674,
"2018-08-23 00:00:00",1137029,135045,
"2018-08-24 00:00:00",1174910,121683,
"2018-08-25 00:00:00",1190514,114457,
"2018-08-26 00:00:00",1164104,88448,
"2018-08-27 00:00:00",1106200,80701,
"2018-08-28 00:00:00",1106043,77696,
"2018-08-29 00:00:00",1091043,57240,
"2018-08-30 00:00:00",1090349,74939,
"2018-08-31 00:00:00",1115111,125878,
"2018-09-01 00:00:00",1099621,200700,
"2018-09-02 00:00:00",1078927,141880,
"2018-09-03 00:00:00",1032185,62724,
"2018-09-04 00:00:00",1125932,58909,
"2018-09-05 00:00:00",1005484,64041,
"2018-09-06 00:00:00",1006844,62029,
"2018-09-07 00:00:00",1087473,61579,
"2018-09-08 00:00:00",1116354,46703,
"2018-09-09 00:00:00",1039062,99728,
"2018-09-10 00:00:00",960263,92782,
"2018-09-11 00:00:00",958714,83794,
"2018-09-12 00:00:00",976253,57992,
"2018-09-13 00:00:00",1110760,74864,
"2018-09-14 00:00:00",1115086,53307,
"2018-09-15 00:00:00",1128795,52542,
"2018-09-16 00:00:00",1092144,45512,
"2018-09-17 00:00:00",1021462,60673,
"2018-09-18 00:00:00",999769,77489,
"2018-09-19 00:00:00",994004,72094,
"2018-09-20 00:00:00",995711,116996,
"2018-09-21 00:00:00",1079364,55020,
"2018-09-22 00:00:00",1082120,67250,
"2018-09-23 00:00:00",1125462,58945,
"2018-09-24 00:00:00",998729,63408,
"2018-09-25 00:00:00",989933,75146,
"2018-09-26 00:00:00",983493,59870,
"2018-09-27 00:00:00",943584,67114,
"2018-09-28 00:00:00",964669,94116,
"2018-09-29 00:00:00",983446,106519,
"2018-09-30 00:00:00",1040164,118216,
"2018-10-01 00:00:00",950165,64290,
"2018-10-02 00:00:00",945733,68097,
"2018-10-03 00:00:00",960816,84266,
"2018-10-04 00:00:00",941269,61317,
"2018-10-05 00:00:00",916596,52828,
"2018-10-06 00:00:00",1055508,74677,
"2018-10-07 00:00:00",1021057,132274,
"2018-10-08 00:00:00",948575,80961,
"2018-10-09 00:00:00",940820,73429,
"2018-10-10 00:00:00",852238,58676,
"2018-10-11 00:00:00",836300,79765,
"2018-10-12 00:00:00",955819,51564,
"2018-10-13 00:00:00",1023746,41830,
"2018-10-14 00:00:00",927559,44854,
"2018-10-15 00:00:00",876955,42578,
"2018-10-16 00:00:00",846193,91364,
"2018-10-17 00:00:00",835973,47533,
"2018-10-18 00:00:00",864675,48265,
"2018-10-19 00:00:00",938802,49732,
"2018-10-20 00:00:00",965507,50742,
"2018-10-21 00:00:00",944706,66850,
"2018-10-22 00:00:00",859126,68191,
"2018-10-23 00:00:00",803345,73421,
"2018-10-24 00:00:00",870192,52252,
"2018-10-25 00:00:00",860280,47526,
"2018-10-26 00:00:00",943023,150531,
"2018-10-27 00:00:00",961868,77533,
"2018-10-28 00:00:00",915145,133963,
"2018-10-29 00:00:00",852022,52955,
"2018-10-30 00:00:00",848017,51536,
"2018-10-31 00:00:00",821094,65231,
"2018-11-01 00:00:00",830675,62479,
"2018-11-02 00:00:00",899212,45973,
"2018-11-03 00:00:00",888932,42813,
"2018-11-04 00:00:00",871756,87004,
"2018-11-05 00:00:00",804729,57264,
"2018-11-06 00:00:00",798186,67906,
"2018-11-07 00:00:00",823745,55174,
"2018-11-08 00:00:00",797339,51890,
"2018-11-09 00:00:00",822848,54043,
"2018-11-10 00:00:00",867996,61136,
"2018-11-11 00:00:00",838380,58648,
"2018-11-12 00:00:00",783911,64315,
"2018-11-13 00:00:00",782310,63899,
"2018-11-14 00:00:00",792290,59565,
"2018-11-15 00:00:00",777768,54962,
"2018-11-16 00:00:00",842399,46737,
"2018-11-17 00:00:00",898133,46814,
"2018-11-18 00:00:00",858673,70782,
"2018-11-19 00:00:00",786883,50414,
"2018-11-20 00:00:00",795710,100791,
"2018-11-21 00:00:00",794832,55914,
"2018-11-22 00:00:00",799527,46016,
"2018-11-23 00:00:00",851131,56749,
"2018-11-24 00:00:00",897522,62502,
"2018-11-25 00:00:00",856216,67128,
"2018-11-26 00:00:00",792614,81247,
"2018-11-27 00:00:00",805741,57386,
"2018-11-28 00:00:00",810979,56449,
"2018-11-29 00:00:00",804956,48189,
"2018-11-30 00:00:00",884564,68869,
"2018-12-01 00:00:00",927372,59906,
"2018-12-02 00:00:00",898667,63329,
"2018-12-03 00:00:00",830881,67557,
"2018-12-04 00:00:00",832684,61787,
"2018-12-05 00:00:00",839782,65985,
"2018-12-06 00:00:00",840054,69761,
"2018-12-07 00:00:00",878200,126560,
"2018-12-08 00:00:00",912235,78482,
"2018-12-09 00:00:00",880955,91740,
"2018-12-10 00:00:00",831909,78571,
"2018-12-11 00:00:00",807682,86347,
"2018-12-12 00:00:00",813949,104551,
"2018-12-13 00:00:00",811348,63957,
"2018-12-14 00:00:00",878143,73493,
"2018-12-15 00:00:00",926855,69796,
"2018-12-16 00:00:00",908968,78384,
"2018-12-17 00:00:00",845277,74745,
"2018-12-18 00:00:00",852889,62220,
"2018-12-19 00:00:00",1042110,95036,
"2018-12-20 00:00:00",1047464,109667,
"2018-12-21 00:00:00",1077319,88941,
"2018-12-22 00:00:00",1119014,51639,
"2018-12-23 00:00:00",1082613,59918,
"2018-12-24 00:00:00",974362,55568,
"2018-12-25 00:00:00",969929,53471,
"2018-12-26 00:00:00",1011873,88816,
"2018-12-27 00:00:00",995066,69961,
"2018-12-28 00:00:00",1003214,60607,
"2018-12-29 00:00:00",1039988,86990,
"2018-12-30 00:00:00",1039383,75768,
"2018-12-31 00:00:00",926175,69001,
"2019-01-01 00:00:00",986759,85570,
"2019-01-02 00:00:00",988726,60647,
"2019-01-03 00:00:00",978611,71691,
"2019-01-04 00:00:00",1037423,56399,
"2019-01-05 00:00:00",1091897,70997,
"2019-01-06 00:00:00",1053933,76173,
"2019-01-07 00:00:00",970440,65879,
"2019-01-08 00:00:00",972455,65572,
"2019-01-09 00:00:00",973687,65444,
"2019-01-10 00:00:00",958155,103356,
"2019-01-11 00:00:00",1002374,96680,
"2019-01-12 00:00:00",1069995,128848,
"2019-01-13 00:00:00",1051360,106780,
"2019-01-14 00:00:00",975754,97805,
"2019-01-15 00:00:00",973809,95276,
"2019-01-16 00:00:00",962822,91292,
"2019-01-17 00:00:00",955166,82949,
"2019-01-18 00:00:00",978083,72180,
"2019-01-19 00:00:00",1022828,56927,
"2019-01-20 00:00:00",1027389,78129,
"2019-01-21 00:00:00",933529,80780,
"2019-01-22 00:00:00",911478,69871,
"2019-01-23 00:00:00",929388,80777,
"2019-01-24 00:00:00",891518,77590,
"2019-01-25 00:00:00",884575,69989,
"2019-01-26 00:00:00",935053,77587,
"2019-01-27 00:00:00",947041,64710,
"2019-01-28 00:00:00",875550,75524,
"2019-01-29 00:00:00",787343,70211,
"2019-01-30 00:00:00",797040,68500,
"2019-01-31 00:00:00",800279,82360,
"2019-02-01 00:00:00",793914,72746,
"2019-02-02 00:00:00",809999,101818,
"2019-02-03 00:00:00",787925,61099,
"2019-02-04 00:00:00",558470,89255,
"2019-02-05 00:00:00",662762,41300,
"2019-02-06 00:00:00",690666,59130,
"2019-02-07 00:00:00",709172,66193,
"2019-02-08 00:00:00",747664,51729,
"2019-02-09 00:00:00",804030,54126,
"2019-02-10 00:00:00",852355,51295,
"2019-02-11 00:00:00",835490,51924,
"2019-02-12 00:00:00",845921,39923,
"2019-02-13 00:00:00",858666,51838,
"2019-02-14 00:00:00",801747,34428,
"2019-02-15 00:00:00",891027,32713,
"2019-02-16 00:00:00",923672,54933,
"2019-02-17 00:00:00",931754,57328,
"2019-02-18 00:00:00",893536,46957,
"2019-02-19 00:00:00",845996,44433,
"2019-02-20 00:00:00",859067,45389,
"2019-02-21 00:00:00",871544,58105,
"2019-02-22 00:00:00",882956,55567,
"2019-02-23 00:00:00",915662,56288,
"2019-02-24 00:00:00",891749,53264,
"2019-02-25 00:00:00",830311,58670,
"2019-02-26 00:00:00",833583,66379,
"2019-02-27 00:00:00",759149,66562,
"2019-02-28 00:00:00",816309,52021,
"2019-03-01 00:00:00",869608,44149,
"2019-03-02 00:00:00",904021,50584,
"2019-03-03 00:00:00",855382,44825,
"2019-03-04 00:00:00",791633,66310,
"2019-03-05 00:00:00",796397,80497,
"2019-03-06 00:00:00",787774,113196,
"2019-03-07 00:00:00",786361,58850,
"2019-03-08 00:00:00",830556,46309,
"2019-03-09 00:00:00",898360,41526,
"2019-03-10 00:00:00",836461,58058,
"2019-03-11 00:00:00",791538,57128,
"2019-03-12 00:00:00",783943,68514,
"2019-03-13 00:00:00",785274,56135,
"2019-03-14 00:00:00",800679,46315,
"2019-03-15 00:00:00",860708,42541,
"2019-03-16 00:00:00",905999,52200,
"2019-03-17 00:00:00",860785,51925,
"2019-03-18 00:00:00",795081,56234,
"2019-03-19 00:00:00",792476,73069,
"2019-03-20 00:00:00",784037,75818,
"2019-03-21 00:00:00",796946,93332,
"2019-03-22 00:00:00",870044,78143,
"2019-03-23 00:00:00",889884,74236,
"2019-03-24 00:00:00",856634,80898,
"2019-03-25 00:00:00",773920,40115,
"2019-03-26 00:00:00",766534,49187,
"2019-03-27 00:00:00",773081,42921,
"2019-03-28 00:00:00",843518,92828,
"2019-03-29 00:00:00",913396,81082,
"2019-03-30 00:00:00",942933,72818,
"2019-03-31 00:00:00",911814,86103,
"2019-04-01 00:00:00",839003,52095,
"2019-04-02 00:00:00",831820,50674,
"2019-04-03 00:00:00",854717,47992,
"2019-04-04 00:00:00",899215,69208,
"2019-04-05 00:00:00",864580,72997,
"2019-04-06 00:00:00",847644,59834,
"2019-04-07 00:00:00",857649,79824,
"2019-04-08 00:00:00",801126,69902,
"2019-04-09 00:00:00",816591,53135,
"2019-04-10 00:00:00",780335,47389,
"2019-04-11 00:00:00",809674,57173,
"2019-04-12 00:00:00",870764,44257,
"2019-04-13 00:00:00",896037,37966,
"2019-04-14 00:00:00",855380,40159,
"2019-04-15 00:00:00",794381,42217,
"2019-04-16 00:00:00",736129,92054,
"2019-04-17 00:00:00",736328,122519,
"2019-04-18 00:00:00",745352,117112,
"2019-04-19 00:00:00",815594,107712,
"2019-04-20 00:00:00",839486,112452,
"2019-04-21 00:00:00",800938,135273,
"2019-04-22 00:00:00",792917,54287,
"2019-04-23 00:00:00",770286,53495,
"2019-04-24 00:00:00",717339,74027,
"2019-04-25 00:00:00",762211,61194,
"2019-04-26 00:00:00",809024,56822,
"2019-04-27 00:00:00",824730,48600,
"2019-04-28 00:00:00",829876,59914,
"2019-04-29 00:00:00",782408,54113,
"2019-04-30 00:00:00",825897,75133,
"2019-05-01 00:00:00",799367,119341,
"2019-05-02 00:00:00",768507,86439,
"2019-05-03 00:00:00",811091,70297,
"2019-05-04 00:00:00",807371,69136,
"2019-05-05 00:00:00",824692,64825,
"2019-05-06 00:00:00",787052,62913,
"2019-05-07 00:00:00",785910,70897,
"2019-05-08 00:00:00",790069,82751,
"2019-05-09 00:00:00",753251,54507,
"2019-05-10 00:00:00",791533,65357,
"2019-05-11 00:00:00",822913,57077,
"2019-05-12 00:00:00",784612,63533,
"2019-05-13 00:00:00",734203,66496,
"2019-05-14 00:00:00",736278,72288,
"2019-05-15 00:00:00",737354,95140,
"2019-05-16 00:00:00",727205,54896,
"2019-05-17 00:00:00",762215,101480,
"2019-05-18 00:00:00",820622,66407,
"2019-05-19 00:00:00",787834,64463,
"2019-05-20 00:00:00",694365,68764,
"2019-05-21 00:00:00",722994,66867,
"2019-05-22 00:00:00",727685,64651,
"2019-05-23 00:00:00",680888,70272,
"2019-05-24 00:00:00",754972,67490,
"2019-05-25 00:00:00",786292,76727,
"2019-05-26 00:00:00",759829,69341,
"2019-05-27 00:00:00",719091,63166,
"2019-05-28 00:00:00",704047,55783,
"2019-05-29 00:00:00",702474,105264,
"2019-05-30 00:00:00",709870,49980,
"2019-05-31 00:00:00",747878,63254,
"2019-06-01 00:00:00",747864,53133,
"2019-06-02 00:00:00",732024,70410,
"2019-06-03 00:00:00",686180,56882,
"2019-06-04 00:00:00",692949,57575,
"2019-06-05 00:00:00",710828,53167,
"2019-06-06 00:00:00",713788,55350,
"2019-06-07 00:00:00",704295,62879,
"2019-06-08 00:00:00",740925,77567,
"2019-06-09 00:00:00",723493,75372,
"2019-06-10 00:00:00",707629,59414,
"2019-06-11 00:00:00",697643,54707,
"2019-06-12 00:00:00",693504,53083,
"2019-06-13 00:00:00",694466,75162,
"2019-06-14 00:00:00",716364,52496,
"2019-06-15 00:00:00",749529,60614,
"2019-06-16 00:00:00",730037,70708,
"2019-06-17 00:00:00",690283,52247,
"2019-06-18 00:00:00",672179,66420,
"2019-06-19 00:00:00",663202,73215,
"2019-06-20 00:00:00",675061,51719,
"2019-06-21 00:00:00",699900,56110,
"2019-06-22 00:00:00",726213,59239,
"2019-06-23 00:00:00",709749,81963,
"2019-06-24 00:00:00",666244,51490,
"2019-06-25 00:00:00",673583,53639,
"2019-06-26 00:00:00",739541,59711,
"2019-06-27 00:00:00",699625,80404,
"2019-06-28 00:00:00",729982,46160,
"2019-06-29 00:00:00",735698,60940,
"2019-06-30 00:00:00",710788,60913,
"2019-07-01 00:00:00",668303,44436,
"2019-07-02 00:00:00",688195,42983,
"2019-07-03 00:00:00",689343,40628,
"2019-07-04 00:00:00",686010,42115,
"2019-07-05 00:00:00",692695,58757,
"2019-07-06 00:00:00",716629,56068,
"2019-07-07 00:00:00",717898,80285,
"2019-07-08 00:00:00",679962,106853,
"2019-07-09 00:00:00",676091,57341,
"2019-07-10 00:00:00",670848,46071,
"2019-07-11 00:00:00",658369,48972,
"2019-07-12 00:00:00",660142,53553,
"2019-07-13 00:00:00",673013,55360,
"2019-07-14 00:00:00",670466,36928,
"2019-07-15 00:00:00",631679,42601,
"2019-07-16 00:00:00",604168,53669,
"2019-07-17 00:00:00",621337,61170,
"2019-07-18 00:00:00",631860,53289,
"2019-07-19 00:00:00",649156,71484,
"2019-07-20 00:00:00",661890,54066,
"2019-07-21 00:00:00",669114,68949,
"2019-07-22 00:00:00",643046,43494,
"2019-07-23 00:00:00",624293,59643,
"2019-07-24 00:00:00",706233,78477,
"2019-07-25 00:00:00",724148,69569,
"2019-07-26 00:00:00",732654,77223,
"2019-07-27 00:00:00",747307,72405,
"2019-07-28 00:00:00",751793,94424,
"2019-07-29 00:00:00",734761,74045,
"2019-07-30 00:00:00",731127,93561,
"2019-07-31 00:00:00",740419,63625,
"2019-08-01 00:00:00",721365,73276,
"2019-08-02 00:00:00",726458,64491,
"2019-08-03 00:00:00",736436,58879,
"2019-08-04 00:00:00",748527,64093,
"2019-08-05 00:00:00",712293,85845,
"2019-08-06 00:00:00",703399,92963,
"2019-08-07 00:00:00",657405,82605,
"2019-08-08 00:00:00",703200,75251,
"2019-08-09 00:00:00",725213,112586,
"2019-08-10 00:00:00",744703,123119,
"2019-08-11 00:00:00",756114,271355,
"2019-08-12 00:00:00",727661,64773,
"2019-08-13 00:00:00",719913,54646,
"2019-08-14 00:00:00",720289,58802,
"2019-08-15 00:00:00",708517,82132,
"2019-08-16 00:00:00",709903,52138,
"2019-08-17 00:00:00",723170,59522,
"2019-08-18 00:00:00",723614,60041,
"2019-08-19 00:00:00",689162,67565,
"2019-08-20 00:00:00",665690,57251,
"2019-08-21 00:00:00",685121,74403,
"2019-08-22 00:00:00",670660,65206,
"2019-08-23 00:00:00",680066,49505,
"2019-08-24 00:00:00",687657,42631,
"2019-08-25 00:00:00",699829,65723,
"2019-08-26 00:00:00",675824,54732,
"2019-08-27 00:00:00",654781,68755,
"2019-08-28 00:00:00",649264,54277,
"2019-08-29 00:00:00",629908,61618,
"2019-08-30 00:00:00",658323,61451,
"2019-08-31 00:00:00",665462,52932,
"2019-09-01 00:00:00",646049,61477,
"2019-09-02 00:00:00",619909,48536,
"2019-09-03 00:00:00",613055,48780,
"2019-09-04 00:00:00",607426,47208,
"2019-09-05 00:00:00",592227,58508,
"2019-09-06 00:00:00",629844,50773,
"2019-09-07 00:00:00",664212,56523,
"2019-09-08 00:00:00",628492,59311,
"2019-09-09 00:00:00",586328,52440,
"2019-09-10 00:00:00",580416,44410,
"2019-09-11 00:00:00",594297,49707,
"2019-09-12 00:00:00",610713,49622,
"2019-09-13 00:00:00",586481,48170,
"2019-09-14 00:00:00",625792,48270,
"2019-09-15 00:00:00",617403,53197,
"2019-09-16 00:00:00",577611,45968,
"2019-09-17 00:00:00",590928,67780,
"2019-09-18 00:00:00",584006,43367,
"2019-09-19 00:00:00",576220,50161,
"2019-09-20 00:00:00",612796,51866,
"2019-09-21 00:00:00",642696,42138,
"2019-09-22 00:00:00",612623,59286,
"2019-09-23 00:00:00",567406,36365,
"2019-09-24 00:00:00",563407,54999,
"2019-09-25 00:00:00",553272,59755,
"2019-09-26 00:00:00",563163,43389,
"2019-09-27 00:00:00",578771,50520,
"2019-09-28 00:00:00",597088,48863,
"2019-09-29 00:00:00",588717,59578,
"2019-09-30 00:00:00",587937,45481,
"2019-10-01 00:00:00",570466,40354,
"2019-10-02 00:00:00",575918,43956,
"2019-10-03 00:00:00",573576,46972,
"2019-10-04 00:00:00",585831,48986,
"2019-10-05 00:00:00",610291,44159,
"2019-10-06 00:00:00",636933,63790,
"2019-10-07 00:00:00",582013,54770,
"2019-10-08 00:00:00",575425,42452,
"2019-10-09 00:00:00",565291,72734,
"2019-10-10 00:00:00",546535,48480,
"2019-10-11 00:00:00",580319,42127,
"2019-10-12 00:00:00",585054,49177,
"2019-10-13 00:00:00",572358,37803,
"2019-10-14 00:00:00",546159,51793,
"2019-10-15 00:00:00",520345,41931,
"2019-10-16 00:00:00",539562,68415,
"2019-10-17 00:00:00",514219,37004,
"2019-10-18 00:00:00",559734,39213,
"2019-10-19 00:00:00",571380,34594,
"2019-10-20 00:00:00",555731,50634,
"2019-10-21 00:00:00",526943,68953,
"2019-10-22 00:00:00",530018,64045,
"2019-10-23 00:00:00",603362,58761,
"2019-10-24 00:00:00",611072,44741,
"2019-10-25 00:00:00",639563,27496,
"2019-10-26 00:00:00",614681,25079,
"2019-10-27 00:00:00",611882,34675,
"2019-10-28 00:00:00",586390,33633,
"2019-10-29 00:00:00",517918,41472,
"2019-10-30 00:00:00",538720,34462,
"2019-10-31 00:00:00",543788,35406,
"2019-11-01 00:00:00",574180,30512,
"2019-11-02 00:00:00",545720,28924,
"2019-11-03 00:00:00",525943,34260,
"2019-11-04 00:00:00",561418,31594,
"2019-11-05 00:00:00",560622,34415,
"2019-11-06 00:00:00",604275,41609,
"2019-11-07 00:00:00",592034,25764,
"2019-11-08 00:00:00",611725,40633,
"2019-11-09 00:00:00",663914,103551,
"2019-11-10 00:00:00",562852,59476,
"2019-11-11 00:00:00",601544,66087,
"2019-11-12 00:00:00",610715,39795,
"2019-11-13 00:00:00",615893,51094,
"2019-11-14 00:00:00",597039,33617,
"2019-11-15 00:00:00",633767,32943,
"2019-11-16 00:00:00",670526,60356,
"2019-11-17 00:00:00",661729,56972,
"2019-11-18 00:00:00",622477,59253,
"2019-11-19 00:00:00",605890,37978,
"2019-11-20 00:00:00",619378,60284,
"2019-11-21 00:00:00",634883,89963,
"2019-11-22 00:00:00",647143,39381,
"2019-11-23 00:00:00",680036,32421,
"2019-11-24 00:00:00",684839,89758,
"2019-11-25 00:00:00",650227,120126,
"2019-11-26 00:00:00",635004,35267,
"2019-11-27 00:00:00",646999,46675,
"2019-11-28 00:00:00",634047,53578,
"2019-11-29 00:00:00",671427,74280,
"2019-11-30 00:00:00",700581,41996,
"2019-12-01 00:00:00",686004,38502,
"2019-12-02 00:00:00",627059,80774,
"2019-12-03 00:00:00",613762,60507,
"2019-12-04 00:00:00",625363,44218,
"2019-12-05 00:00:00",622679,34934,
"2019-12-06 00:00:00",652974,54219,
"2019-12-07 00:00:00",693723,36226,
"2019-12-08 00:00:00",665264,41246,
"2019-12-09 00:00:00",615244,35725,
"2019-12-10 00:00:00",606618,46514,
"2019-12-11 00:00:00",613579,35811,
"2019-12-12 00:00:00",599733,37894,
"2019-12-13 00:00:00",633518,31928,
"2019-12-14 00:00:00",670449,34527,
"2019-12-15 00:00:00",646119,49148,
"2019-12-16 00:00:00",602784,39242,
"2019-12-17 00:00:00",593326,43042,
"2019-12-18 00:00:00",597820,41363,
"2019-12-19 00:00:00",585832,33879,
"2019-12-20 00:00:00",606788,39268,
"2019-12-21 00:00:00",661686,38330,
"2019-12-22 00:00:00",645978,65681,
"2019-12-23 00:00:00",612863,40934,
"2019-12-24 00:00:00",565210,36328,
"2019-12-25 00:00:00",594632,42216,
"2019-12-26 00:00:00",617390,48586,
"2019-12-27 00:00:00",643169,50255,
"2019-12-28 00:00:00",669907,36923,
"2019-12-29 00:00:00",638320,37978,
"2019-12-30 00:00:00",614577,44471,
"2019-12-31 00:00:00",567385,41687,
"2020-01-01 00:00:00",614363,44632,
"2020-01-02 00:00:00",599263,59299,
"2020-01-03 00:00:00",632760,54273,
"2020-01-04 00:00:00",651756,51021,
"2020-01-05 00:00:00",650503,47127,
"2020-01-06 00:00:00",610334,48674,
"2020-01-07 00:00:00",606420,55421,
"2020-01-08 00:00:00",609793,53376,
"2020-01-09 00:00:00",613508,42388,
"2020-01-10 00:00:00",593145,52549,
"2020-01-11 00:00:00",610738,49631,
"2020-01-12 00:00:00",603448,40479,
"2020-01-13 00:00:00",549598,43207,
"2020-01-14 00:00:00",542679,62251,
"2020-01-15 00:00:00",533338,53758,
"2020-01-16 00:00:00",499473,59527,
"2020-01-17 00:00:00",498798,60090,
"2020-01-18 00:00:00",508173,65714,
"2020-01-19 00:00:00",513903,53935,
"2020-01-20 00:00:00",483076,66180,
"2020-01-21 00:00:00",475652,50655,
"2020-01-22 00:00:00",528722,62187,
"2020-01-23 00:00:00",500323,53882,
"2020-01-24 00:00:00",339070,63615,
"2020-01-25 00:00:00",404964,51570,
"2020-01-26 00:00:00",451913,55336,
"2020-01-27 00:00:00",457318,53126,
"2020-01-28 00:00:00",474702,59813,
"2020-01-29 00:00:00",497818,44817,
"2020-01-30 00:00:00",516015,48136,
"2020-01-31 00:00:00",540487,60038,
"2020-02-01 00:00:00",566938,62236,
"2020-02-02 00:00:00",581046,39599,
"2020-02-03 00:00:00",562616,60382,
"2020-02-04 00:00:00",563399,56954,
"2020-02-05 00:00:00",572778,33538,
"2020-02-06 00:00:00",572594,34191,
"2020-02-07 00:00:00",582207,50420,
"2020-02-08 00:00:00",595029,53733,
"2020-02-09 00:00:00",604948,34961,
"2020-02-10 00:00:00",579106,55917,
"2020-02-11 00:00:00",582419,38539,
"2020-02-12 00:00:00",578459,37078,
"2020-02-13 00:00:00",569867,33042,
"2020-02-14 00:00:00",559630,37474,
"2020-02-15 00:00:00",590771,28402,
"2020-02-16 00:00:00",591726,33033,
"2020-02-17 00:00:00",562142,38539,
"2020-02-18 00:00:00",555361,44071,
"2020-02-19 00:00:00",614184,38626,
"2020-02-20 00:00:00",577104,40964,
"2020-02-21 00:00:00",583688,39132,
"2020-02-22 00:00:00",586862,34234,
"2020-02-23 00:00:00",584139,32343,
"2020-02-24 00:00:00",542926,41415,
"2020-02-25 00:00:00",544082,33396,
"2020-02-26 00:00:00",550151,33050,
"2020-02-27 00:00:00",534040,21275,
"2020-02-28 00:00:00",548394,62247,
"2020-02-29 00:00:00",569147,62535,
"2020-03-01 00:00:00",562538,72358,
"2020-03-02 00:00:00",532317,50122,
"2020-03-03 00:00:00",528097,40717,
"2020-03-04 00:00:00",532433,36348,
"2020-03-05 00:00:00",521267,54197,
"2020-03-06 00:00:00",541116,51816,
"2020-03-07 00:00:00",559301,61940,
"2020-03-08 00:00:00",552350,44803,
"2020-03-09 00:00:00",497139,42133,
"2020-03-10 00:00:00",511646,44475,
"2020-03-11 00:00:00",499914,46256,
"2020-03-12 00:00:00",500574,40167,
"2020-03-13 00:00:00",523702,55873,
"2020-03-14 00:00:00",525462,50219,
"2020-03-15 00:00:00",515050,44780,
"2020-03-16 00:00:00",486076,37663,
"2020-03-17 00:00:00",471235,58582,
"2020-03-18 00:00:00",488092,29117,
"2020-03-19 00:00:00",495750,31383,
"2020-03-20 00:00:00",501729,39817,
"2020-03-21 00:00:00",525096,32299,
"2020-03-22 00:00:00",527361,26979,
"2020-03-23 00:00:00",573661,39522,
"2020-03-24 00:00:00",534857,57768,
"2020-03-25 00:00:00",546511,37779,
"2020-03-26 00:00:00",551705,44560,
"2020-03-27 00:00:00",558011,42344,
"2020-03-28 00:00:00",565660,37440,
"2020-03-29 00:00:00",562701,34055,
"2020-03-30 00:00:00",530038,45378,
"2020-03-31 00:00:00",508285,48006,
"2020-04-01 00:00:00",596513,72101,
"2020-04-02 00:00:00",567655,39555,
"2020-04-03 00:00:00",560748,48990,
"2020-04-04 00:00:00",925699,55151,
"2020-04-05 00:00:00",565383,27683,
"2020-04-06 00:00:00",548834,36832,
"2020-04-07 00:00:00",519292,71171,
"2020-04-08 00:00:00",494388,55349,
"2020-04-09 00:00:00",498418,32926,
"2020-04-10 00:00:00",523198,53498,
"2020-04-11 00:00:00",543263,29540,
"2020-04-12 00:00:00",520019,23502,
"2020-04-13 00:00:00",490184,48233,
"2020-04-14 00:00:00",478522,69626,
"2020-04-15 00:00:00",456664,45318,
"2020-04-16 00:00:00",458238,51670,
"2020-04-17 00:00:00",475704,46057,
"2020-04-18 00:00:00",491492,63066,
"2020-04-19 00:00:00",480387,35329,
"2020-04-20 00:00:00",458254,49610,
"2020-04-21 00:00:00",456459,50422,
"2020-04-22 00:00:00",573938,38314,
"2020-04-23 00:00:00",562374,38487,
"2020-04-24 00:00:00",581626,37512,
"2020-04-25 00:00:00",581831,42634,
"2020-04-26 00:00:00",568204,33860,
"2020-04-27 00:00:00",560824,45695,
"2020-04-28 00:00:00",558204,60086,
"2020-04-29 00:00:00",518053,41232,
"2020-04-30 00:00:00",516565,41575,
"2020-05-01 00:00:00",505404,65965,
"2020-05-02 00:00:00",481598,66938,
"2020-05-03 00:00:00",499738,48107,
"2020-05-04 00:00:00",505949,47091,
"2020-05-05 00:00:00",497528,39842,
"2020-05-06 00:00:00",495199,41958,
"2020-05-07 00:00:00",500753,62378,
"2020-05-08 00:00:00",504529,43653,
"2020-05-09 00:00:00",526081,38919,
"2020-05-10 00:00:00",506627,56286,
"2020-05-11 00:00:00",495045,47341,
"2020-05-12 00:00:00",486374,59406,
"2020-05-13 00:00:00",493738,34450,
"2020-05-14 00:00:00",503740,71016,
"2020-05-15 00:00:00",480226,44391,
"2020-05-16 00:00:00",507640,72549,
"2020-05-17 00:00:00",487848,61333,
"2020-05-18 00:00:00",472825,72660,
"2020-05-19 00:00:00",471867,67745,
"2020-05-20 00:00:00",516299,55304,
"2020-05-21 00:00:00",528707,59033,
"2020-05-22 00:00:00",527297,48202,
"2020-05-23 00:00:00",553620,68108,
"2020-05-24 00:00:00",551966,43696,
"2020-05-25 00:00:00",543158,39181,
"2020-05-26 00:00:00",533813,43326,
"2020-05-27 00:00:00",530444,42783,
"2020-05-28 00:00:00",511520,36961,
"2020-05-29 00:00:00",531660,36123,
"2020-05-30 00:00:00",554821,52814,
"2020-05-31 00:00:00",531298,43628,
"2020-06-01 00:00:00",499612,44999,
"2020-06-02 00:00:00",494188,37088,
"2020-06-03 00:00:00",499154,56745,
"2020-06-04 00:00:00",499208,48462,
"2020-06-05 00:00:00",537617,47940,
"2020-06-06 00:00:00",546782,52391,
"2020-06-07 00:00:00",527883,69000,
"2020-06-08 00:00:00",504249,39616,
"2020-06-09 00:00:00",484384,46595,
"2020-06-10 00:00:00",478455,41647,
"2020-06-11 00:00:00",471404,48916,
"2020-06-12 00:00:00",489859,49499,
"2020-06-13 00:00:00",499110,56222,
"2020-06-14 00:00:00",490243,66910,
"2020-06-15 00:00:00",474875,33031,
"2020-06-16 00:00:00",470299,35978,
"2020-06-17 00:00:00",493971,34211,
"2020-06-18 00:00:00",470307,35940,
"2020-06-19 00:00:00",492998,39014,
"2020-06-20 00:00:00",506989,27958,
"2020-06-21 00:00:00",495109,51036,
"2020-06-22 00:00:00",476207,30966,
"2020-06-23 00:00:00",458075,40721,
"2020-06-24 00:00:00",474288,32511,
"2020-06-25 00:00:00",461921,50951,
"2020-06-26 00:00:00",468640,59112,
"2020-06-27 00:00:00",474347,49347,
"2020-06-28 00:00:00",469812,80584,
"2020-06-29 00:00:00",463642,36153,
"2020-06-30 00:00:00",448053,31442,
"2020-07-01 00:00:00",459555,39746,
"2020-07-02 00:00:00",461131,48782,
"2020-07-03 00:00:00",467796,50745,
"2020-07-04 00:00:00",489778,47433,
"2020-07-05 00:00:00",476409,59445,
"2020-07-06 00:00:00",457287,32680,
"2020-07-07 00:00:00",457916,43109,
"2020-07-08 00:00:00",452210,30727,
"2020-07-09 00:00:00",442628,46749,
"2020-07-10 00:00:00",450141,33719,
"2020-07-11 00:00:00",457976,30373,
"2020-07-12 00:00:00",449756,23752,
"2020-07-13 00:00:00",425626,34419,
"2020-07-14 00:00:00",423564,30727,
"2020-07-15 00:00:00",407534,34179,
"2020-07-16 00:00:00",405138,27231,
"2020-07-17 00:00:00",421350,44806,
"2020-07-18 00:00:00",427521,42028,
"2020-07-19 00:00:00",420289,21771,
"2020-07-20 00:00:00",399078,35242,
"2020-07-21 00:00:00",389836,50135,
"2020-07-22 00:00:00",468605,52603,
"2020-07-23 00:00:00",443326,26489,
"2020-07-24 00:00:00",450139,50382,
"2020-07-25 00:00:00",456707,49044,
"2020-07-26 00:00:00",468927,25887,
"2020-07-27 00:00:00",450134,31189,
"2020-07-28 00:00:00",438898,52594,
"2020-07-29 00:00:00",440850,46758,
"2020-07-30 00:00:00",435739,25615,
"2020-07-31 00:00:00",439395,40268,
"2020-08-01 00:00:00",443567,50086,
"2020-08-02 00:00:00",428602,49558,
"2020-08-03 00:00:00",435052,29924,
"2020-08-04 00:00:00",431096,22679,
"2020-08-05 00:00:00",422748,28023,
"2020-08-06 00:00:00",412002,46250,
"2020-08-07 00:00:00",414644,50543,
"2020-08-08 00:00:00",411710,47349,
"2020-08-09 00:00:00",409260,34124,
"2020-08-10 00:00:00",409096,53763,
"2020-08-11 00:00:00",400251,41437,
"2020-08-12 00:00:00",408258,24158,
"2020-08-13 00:00:00",390387,44374,
"2020-08-14 00:00:00",389832,48312,
"2020-08-15 00:00:00",398581,54323,
"2020-08-16 00:00:00",403074,31664,
"2020-08-17 00:00:00",385415,38149,
"2020-08-18 00:00:00",381194,23369,
"2020-08-19 00:00:00",404238,23140,
"2020-08-20 00:00:00",374551,25799,
"2020-08-21 00:00:00",365580,27526,
"2020-08-22 00:00:00",387996,24133,
"2020-08-23 00:00:00",394152,21363,
"2020-08-24 00:00:00",382923,30455,
"2020-08-25 00:00:00",344249,38963,
"2020-08-26 00:00:00",387287,32524,
"2020-08-27 00:00:00",366992,46570,
"2020-08-28 00:00:00",384352,120025,
"2020-08-29 00:00:00",396935,50095,
"2020-08-30 00:00:00",380766,51078,
"2020-08-31 00:00:00",375181,26023,
"2020-09-01 00:00:00",371684,30219,
"2020-09-02 00:00:00",383191,23799,
"2020-09-03 00:00:00",368720,70332,
"2020-09-04 00:00:00",378164,58363,
"2020-09-05 00:00:00",390307,54774,
"2020-09-06 00:00:00",393525,52332,
"2020-09-07 00:00:00",378482,30664,
"2020-09-08 00:00:00",365664,54442,
"2020-09-09 00:00:00",370187,59328,
"2020-09-10 00:00:00",375901,25899,
"2020-09-11 00:00:00",384260,25106,
"2020-09-12 00:00:00",404149,47744,
"2020-09-13 00:00:00",396628,62044,
"2020-09-14 00:00:00",375115,27521,
"2020-09-15 00:00:00",371233,27199,
"2020-09-16 00:00:00",358110,29302,
"2020-09-17 00:00:00",362854,27664,
"2020-09-18 00:00:00",364565,32546,
"2020-09-19 00:00:00",381798,48349,
"2020-09-20 00:00:00",371398,52031,
"2020-09-21 00:00:00",343759,39221,
"2020-09-22 00:00:00",336952,50441,
"2020-09-23 00:00:00",335062,46444,
"2020-09-24 00:00:00",327058,59139,
"2020-09-25 00:00:00",338744,65965,
"2020-09-26 00:00:00",342838,45974,
"2020-09-27 00:00:00",336556,43588,
"2020-09-28 00:00:00",336222,61857,
"2020-09-29 00:00:00",334691,58650,
"2020-09-30 00:00:00",325135,51973,
"2020-10-01 00:00:00",304349,28112,
"2020-10-02 00:00:00",322535,53741,
"2020-10-03 00:00:00",332403,27552,
"2020-10-04 00:00:00",333706,29173,
"2020-10-05 00:00:00",312145,48165,
"2020-10-06 00:00:00",321536,59023,
"2020-10-07 00:00:00",338371,31661,
"2020-10-08 00:00:00",328207,44163,
"2020-10-09 00:00:00",332041,43843,
"2020-10-10 00:00:00",354872,49320,
"2020-10-11 00:00:00",341001,24282,
"2020-10-12 00:00:00",318080,46975,
"2020-10-13 00:00:00",319650,49846,
"2020-10-14 00:00:00",317312,68905,
"2020-10-15 00:00:00",322090,34597,
"2020-10-16 00:00:00",325227,48218,
"2020-10-17 00:00:00",326320,44715,
"2020-10-18 00:00:00",338658,45449,
"2020-10-19 00:00:00",314156,21542,
"2020-10-20 00:00:00",304894,31375,
"2020-10-21 00:00:00",367499,45790,
"2020-10-22 00:00:00",359911,31679,
"2020-10-23 00:00:00",363319,29958,
"2020-10-24 00:00:00",381079,39959,
"2020-10-25 00:00:00",360700,40545,
"2020-10-26 00:00:00",362304,26198,
"2020-10-27 00:00:00",366312,29526,
"2020-10-28 00:00:00",365878,25405,
"2020-10-29 00:00:00",355108,23840,
"2020-10-30 00:00:00",363275,40851,
"2020-10-31 00:00:00",333173,19530,
"2020-11-01 00:00:00",377047,23047,
"2020-11-02 00:00:00",347125,23153,
"2020-11-03 00:00:00",346450,27221,
"2020-11-04 00:00:00",355278,19985,
"2020-11-05 00:00:00",334974,53896,
"2020-11-06 00:00:00",364611,63295,
"2020-11-07 00:00:00",385002,50031,
"2020-11-08 00:00:00",384175,67067,
"2020-11-09 00:00:00",359602,35402,
"2020-11-10 00:00:00",357919,37403,
"2020-11-11 00:00:00",350719,42714,
"2020-11-12 00:00:00",360353,53448,
"2020-11-13 00:00:00",381217,49110,
"2020-11-14 00:00:00",404048,45542,
"2020-11-15 00:00:00",408172,64752,
"2020-11-16 00:00:00",374680,74892,
"2020-11-17 00:00:00",382107,25863,
"2020-11-18 00:00:00",393675,30591,
"2020-11-19 00:00:00",388209,51718,
"2020-11-20 00:00:00",400441,56576,
"2020-11-21 00:00:00",435473,53743,
"2020-11-22 00:00:00",433839,59830,
"2020-11-23 00:00:00",405145,31029,
"2020-11-24 00:00:00",394582,28508,
"2020-11-25 00:00:00",396957,46568,
"2020-11-26 00:00:00",402714,24720,
"2020-11-27 00:00:00",417104,34061,
"2020-11-28 00:00:00",440877,32868,
"2020-11-29 00:00:00",438119,23563,
"2020-11-30 00:00:00",406080,48834,
"2020-12-01 00:00:00",400859,53991,
"2020-12-02 00:00:00",413921,28246,
"2020-12-03 00:00:00",402951,22612,
"2020-12-04 00:00:00",412461,24705,
"2020-12-05 00:00:00",435718,45280,
"2020-12-06 00:00:00",434478,19821,
"2020-12-07 00:00:00",402995,24830,
"2020-12-08 00:00:00",396208,28829,
"2020-12-09 00:00:00",390512,21495,
"2020-12-10 00:00:00",370749,18644,
"2020-12-11 00:00:00",389069,44619,
"2020-12-12 00:00:00",412664,38627,
"2020-12-13 00:00:00",411293,35350,
"2020-12-14 00:00:00",379089,58528,
"2020-12-15 00:00:00",366717,20151,
"2020-12-16 00:00:00",413505,37907,
"2020-12-17 00:00:00",411777,39689,
"2020-12-18 00:00:00",424603,40262,
"2020-12-19 00:00:00",445857,39681,
"2020-12-20 00:00:00",443468,36524,
"2020-12-21 00:00:00",411781,31604,
"2020-12-22 00:00:00",411995,25357,
"2020-12-23 00:00:00",399264,27107,
"2020-12-24 00:00:00",384577,78188,
"2020-12-25 00:00:00",391729,43917,
"2020-12-26 00:00:00",440637,19361,
"2020-12-27 00:00:00",447894,19396,
"2020-12-28 00:00:00",419305,22929,
"2020-12-29 00:00:00",422479,23283,
"2020-12-30 00:00:00",414897,28596,
"2020-12-31 00:00:00",358893,34541,
"2021-01-01 00:00:00",416747,28686,
"2021-01-02 00:00:00",426721,33025,
"2021-01-03 00:00:00",438959,32544,
"2021-01-04 00:00:00",420318,24495,
"2021-01-05 00:00:00",419119,25064,
"2021-01-06 00:00:00",425430,28459,
"2021-01-07 00:00:00",432574,35725,
"2021-01-08 00:00:00",429530,33765,
"2021-01-09 00:00:00",454324,60739,
"2021-01-10 00:00:00",451649,24449,
"2021-01-11 00:00:00",416055,26333,
"2021-01-12 00:00:00",414614,25179,
"2021-01-13 00:00:00",413897,33638,
"2021-01-14 00:00:00",410936,56297,
"2021-01-15 00:00:00",421204,49697,
"2021-01-16 00:00:00",444153,32898,
"2021-01-17 00:00:00",453629,162678,
"2021-01-18 00:00:00",424562,39988,
"2021-01-19 00:00:00",424118,31401,
"2021-01-20 00:00:00",429872,27278,
"2021-01-21 00:00:00",421397,50418,
"2021-01-22 00:00:00",431689,45707,
"2021-01-23 00:00:00",452989,36531,
"2021-01-24 00:00:00",456784,44344,
"2021-01-25 00:00:00",430231,36955,
"2021-01-26 00:00:00",427413,32054,
"2021-01-27 00:00:00",431708,40587,
"2021-01-28 00:00:00",430954,48204,
"2021-01-29 00:00:00",430294,45962,
"2021-01-30 00:00:00",451631,34593,
"2021-01-31 00:00:00",457281,27350,
"2021-02-01 00:00:00",429621,34684,
"2021-02-02 00:00:00",424040,37344,
"2021-02-03 00:00:00",421649,32041,
"2021-02-04 00:00:00",415688,39137,
"2021-02-05 00:00:00",394483,132393,
"2021-02-06 00:00:00",415745,151698,
"2021-02-07 00:00:00",410402,174486,
"2021-02-08 00:00:00",391746,155414,
"2021-02-09 00:00:00",384591,155188,
"2021-02-10 00:00:00",374636,166412,
"2021-02-11 00:00:00",281878,45671,
"2021-02-12 00:00:00",346770,43904,
"2021-02-13 00:00:00",364886,175140,
"2021-02-14 00:00:00",374450,173971,
"2021-02-15 00:00:00",389632,59496,
"2021-02-16 00:00:00",398518,154850,
"2021-02-17 00:00:00",361572,77195,
"2021-02-18 00:00:00",416467,136419,
"2021-02-19 00:00:00",432598,33658,
"2021-02-20 00:00:00",439571,144951,
"2021-02-21 00:00:00",440972,149156,
"2021-02-22 00:00:00",433439,42719,
"2021-02-23 00:00:00",435736,133814,
"2021-02-24 00:00:00",429928,127581,
"2021-02-25 00:00:00",430872,134973,
"2021-02-26 00:00:00",436835,22836,
"2021-02-27 00:00:00",447430,142698,
"2021-02-28 00:00:00",460071,155403,
"2021-03-01 00:00:00",436014,37000,
"2021-03-02 00:00:00",429068,29080,
"2021-03-03 00:00:00",425257,30190,
"2021-03-04 00:00:00",421918,31945,
"2021-03-05 00:00:00",444052,91599,
"2021-03-06 00:00:00",462347,91393,
"2021-03-07 00:00:00",451829,96070,
"2021-03-08 00:00:00",418039,23840,
"2021-03-09 00:00:00",413354,109744,
"2021-03-10 00:00:00",384359,103623,
"2021-03-11 00:00:00",421501,116466,
"2021-03-12 00:00:00",450496,27680,
"2021-03-13 00:00:00",454613,128122,
"2021-03-14 00:00:00",442758,131827,
"2021-03-15 00:00:00",422559,83710,
"2021-03-16 00:00:00",419658,114993,
"2021-03-17 00:00:00",415407,114026,
"2021-03-18 00:00:00",445227,121032,
"2021-03-19 00:00:00",467758,34941,
"2021-03-20 00:00:00",462232,130160,
"2021-03-21 00:00:00",466356,144748,
"2021-03-22 00:00:00",430104,57410,
"2021-03-23 00:00:00",421849,123791,
"2021-03-24 00:00:00",402118,116141,
"2021-03-25 00:00:00",403281,124632,
"2021-03-26 00:00:00",430868,31625,
"2021-03-27 00:00:00",428391,135284,
"2021-03-28 00:00:00",406055,154807,
"2021-03-29 00:00:00",408211,63300,
"2021-03-30 00:00:00",408004,67261,
"2021-03-31 00:00:00",435475,30620,
"2021-04-01 00:00:00",438258,32089,
"2021-04-02 00:00:00",451952,43989,
"2021-04-03 00:00:00",454912,33055,
"2021-04-04 00:00:00",458345,28437,
"2021-04-05 00:00:00",438287,39262,
"2021-04-06 00:00:00",419519,80784,
"2021-04-07 00:00:00",416735,47090,
"2021-04-08 00:00:00",408832,27332,
"2021-04-09 00:00:00",431349,36708,
"2021-04-10 00:00:00",448948,35725,
"2021-04-11 00:00:00",443757,33405,
"2021-04-12 00:00:00",408524,30590,
"2021-04-13 00:00:00",384902,76672,
"2021-04-14 00:00:00",409742,34840,
"2021-04-15 00:00:00",387987,32500,
"2021-04-16 00:00:00",413188,49477,
"2021-04-17 00:00:00",418899,63865,
"2021-04-18 00:00:00",404780,56697,
"2021-04-19 00:00:00",383635,23147,
"2021-04-20 00:00:00",372970,51030,
"2021-04-21 00:00:00",385074,59719,
"2021-04-22 00:00:00",382116,40104,
"2021-04-23 00:00:00",412187,52109,
"2021-04-24 00:00:00",409347,49754,
"2021-04-25 00:00:00",405998,83511,
"2021-04-26 00:00:00",382315,22538,
"2021-04-27 00:00:00",377525,43824,
"2021-04-28 00:00:00",395897,53547,
"2021-04-29 00:00:00",387764,33713,
"2021-04-30 00:00:00",383798,46948,
"2021-05-01 00:00:00",368599,50444,
"2021-05-02 00:00:00",374847,51557,
"2021-05-03 00:00:00",382627,26303,
"2021-05-04 00:00:00",399320,47035,
"2021-05-05 00:00:00",399850,77988,
"2021-05-06 00:00:00",389252,37624,
"2021-05-07 00:00:00",401113,32899,
"2021-05-08 00:00:00",418917,31428,
"2021-05-09 00:00:00",393069,32269,
"2021-05-10 00:00:00",387681,24300,
"2021-05-11 00:00:00",379741,23297,
"2021-05-12 00:00:00",384783,30131,
"2021-05-13 00:00:00",383527,59843,
"2021-05-14 00:00:00",403406,54379,
"2021-05-15 00:00:00",419509,51672,
"2021-05-16 00:00:00",412401,56789,
"2021-05-17 00:00:00",386143,53347,
"2021-05-18 00:00:00",391654,23837,
"2021-05-19 00:00:00",384241,46992,
"2021-05-20 00:00:00",354763,49287,
"2021-05-21 00:00:00",369018,56162,
"2021-05-22 00:00:00",400235,49399,
"2021-05-23 00:00:00",385756,48316,
"2021-05-24 00:00:00",389897,37280,
"2021-05-25 00:00:00",387505,72423,
"2021-05-26 00:00:00",399055,46932,
"2021-05-27 00:00:00",391255,24807,
"2021-05-28 00:00:00",398299,96692,
"2021-05-29 00:00:00",411161,32555,
"2021-05-30 00:00:00",396742,34811,
"2021-05-31 00:00:00",377825,31253,
"2021-06-01 00:00:00",364870,56915,
"2021-06-02 00:00:00",413576,56889,
"2021-06-03 00:00:00",416239,57502,
"2021-06-04 00:00:00",421077,40076,
"2021-06-05 00:00:00",431012,60752,
"2021-06-06 00:00:00",420950,95187,
"2021-06-07 00:00:00",396295,67475,
"2021-06-08 00:00:00",395550,37443,
"2021-06-09 00:00:00",394818,33302,
"2021-06-10 00:00:00",390075,56591,
"2021-06-11 00:00:00",395110,47184,
"2021-06-12 00:00:00",393578,87293,
"2021-06-13 00:00:00",398598,55959,
"2021-06-14 00:00:00",393727,29670,
"2021-06-15 00:00:00",378535,110190,
"2021-06-16 00:00:00",374559,29361,
"2021-06-17 00:00:00",364646,47718,
"2021-06-18 00:00:00",380337,45884,
"2021-06-19 00:00:00",381119,45619,
"2021-06-20 00:00:00",377065,49157,
"2021-06-21 00:00:00",365077,28208,
"2021-06-22 00:00:00",359676,62975,
"2021-06-23 00:00:00",359262,24739,
"2021-06-24 00:00:00",362019,44709,
"2021-06-25 00:00:00",377699,49929,
"2021-06-26 00:00:00",384192,55135,
"2021-06-27 00:00:00",378630,62090,
"2021-06-28 00:00:00",369933,30757,
"2021-06-29 00:00:00",373893,45358,
"2021-06-30 00:00:00",372133,52192,
"2021-07-01 00:00:00",374799,148530,
"2021-07-02 00:00:00",398307,50376,
"2021-07-03 00:00:00",404319,87320,
"2021-07-04 00:00:00",395824,59165,
"2021-07-05 00:00:00",378648,39036,
"2021-07-06 00:00:00",375624,47430,
"2021-07-07 00:00:00",413414,51338,
"2021-07-08 00:00:00",398363,32327,
"2021-07-09 00:00:00",401500,32156,
"2021-07-10 00:00:00",412815,50339,
"2021-07-11 00:00:00",410019,31908,
"2021-07-12 00:00:00",382769,74556,
"2021-07-13 00:00:00",389784,46862,
"2021-07-14 00:00:00",386456,44283,
"2021-07-15 00:00:00",383892,36081,
"2021-07-16 00:00:00",398253,83577,
"2021-07-17 00:00:00",403070,69135,
"2021-07-18 00:00:00",401529,191840,
"2021-07-19 00:00:00",389722,30627,
"2021-07-20 00:00:00",377131,34421,
"2021-07-21 00:00:00",383292,55587,
"2021-07-22 00:00:00",375771,54956,
"2021-07-23 00:00:00",385766,43759,
"2021-07-24 00:00:00",393318,47097,
"2021-07-25 00:00:00",396804,42710,
"2021-07-26 00:00:00",385404,34712,
"2021-07-27 00:00:00",372518,38895,
"2021-07-28 00:00:00",385804,40983,
"2021-07-29 00:00:00",381805,29810,
"2021-07-30 00:00:00",383674,43339,
"2021-07-31 00:00:00",386898,43115,
"2021-08-01 00:00:00",381960,45757,
"2021-08-02 00:00:00",373780,34040,
"2021-08-03 00:00:00",363946,52958,
"2021-08-04 00:00:00",393195,61925,
"2021-08-05 00:00:00",408750,23505,
"2021-08-06 00:00:00",413380,46358,
"2021-08-07 00:00:00",416393,42396,
"2021-08-08 00:00:00",414164,64922,
"2021-08-09 00:00:00",403277,39891,
"2021-08-10 00:00:00",429774,27135,
"2021-08-11 00:00:00",444442,36912,
"2021-08-12 00:00:00",432470,32547,
"2021-08-13 00:00:00",426415,44421,
"2021-08-14 00:00:00",406819,36540,
"2021-08-15 00:00:00",431295,32338,
"2021-08-16 00:00:00",405600,28714,
"2021-08-17 00:00:00",316791,54594,
"2021-08-18 00:00:00",376843,59862,
"2021-08-19 00:00:00",367735,52553,
"2021-08-20 00:00:00",388254,29432,
"2021-08-21 00:00:00",398024,58569,
"2021-08-22 00:00:00",394497,62399,
"2021-08-23 00:00:00",387539,55524,
"2021-08-24 00:00:00",387266,22256,
"2021-08-25 00:00:00",379443,28176,
"2021-08-26 00:00:00",377261,52213,
"2021-08-27 00:00:00",384586,63886,
"2021-08-28 00:00:00",393691,64499,
"2021-08-29 00:00:00",384649,67825,
"2021-08-30 00:00:00",381883,32559,
"2021-08-31 00:00:00",377962,36636,
"2021-09-01 00:00:00",372900,35817,
"2021-09-02 00:00:00",364825,39346,
"2021-09-03 00:00:00",384282,21603,
"2021-09-04 00:00:00",400709,27199,
"2021-09-05 00:00:00",389126,26754,
"2021-09-06 00:00:00",366029,27189,
"2021-09-07 00:00:00",349998,28765,
"2021-09-08 00:00:00",370526,35445,
"2021-09-09 00:00:00",362083,53358,
"2021-09-10 00:00:00",371311,42990,
"2021-09-11 00:00:00",384242,54541,
"2021-09-12 00:00:00",371851,36228,
"2021-09-13 00:00:00",355271,22865,
"2021-09-14 00:00:00",353151,44442,
"2021-09-15 00:00:00",356156,28967,
"2021-09-16 00:00:00",357308,61093,
"2021-09-17 00:00:00",371708,56761,
"2021-09-18 00:00:00",375265,49822,
"2021-09-19 00:00:00",382426,65120,
"2021-09-20 00:00:00",374697,24071,
"2021-09-21 00:00:00",355425,42208,
"2021-09-22 00:00:00",364982,22770,
"2021-09-23 00:00:00",356971,51807,
"2021-09-24 00:00:00",377103,48412,
"2021-09-25 00:00:00",365949,41973,
"2021-09-26 00:00:00",342079,46963,
"2021-09-27 00:00:00",337765,32426,
"2021-09-28 00:00:00",324410,35476,
"2021-09-29 00:00:00",334074,20462,
"2021-09-30 00:00:00",329057,48319,
"2021-10-01 00:00:00",331054,52775,
"2021-10-02 00:00:00",333166,52712,
"2021-10-03 00:00:00",337804,64193,
"2021-10-04 00:00:00",342437,20145,
"2021-10-05 00:00:00",341912,20824,
"2021-10-06 00:00:00",377217,43255,
"2021-10-07 00:00:00",370964,19900,
"2021-10-08 00:00:00",370381,28291,
"2021-10-09 00:00:00",393772,17027,
"2021-10-10 00:00:00",389449,48031,
"2021-10-11 00:00:00",342617,15755,
"2021-10-12 00:00:00",328692,25690,
"2021-10-13 00:00:00",322666,24357,
"2021-10-14 00:00:00",325030,18409,
"2021-10-15 00:00:00",334994,53599,
"2021-10-16 00:00:00",347298,109117,
"2021-10-17 00:00:00",331260,16577,
"2021-10-18 00:00:00",309353,19164,
"2021-10-19 00:00:00",316872,37404,
"2021-10-20 00:00:00",336676,18578,
"2021-10-21 00:00:00",324161,18120,
"2021-10-22 00:00:00",328114,30153,
"2021-10-23 00:00:00",334657,26082,
"2021-10-24 00:00:00",335468,18110,
"2021-10-25 00:00:00",315807,17423,
"2021-10-26 00:00:00",317576,138589,
"2021-10-27 00:00:00",323384,17938,
"2021-10-28 00:00:00",325421,12297,
"2021-10-29 00:00:00",335193,27941,
"2021-10-30 00:00:00",330768,26123,
"2021-10-31 00:00:00",318334,14729,
"2021-11-01 00:00:00",319162,18255,
"2021-11-02 00:00:00",311414,20055,
"2021-11-03 00:00:00",297475,53513,
"2021-11-04 00:00:00",298593,31550,
"2021-11-05 00:00:00",317158,124748,
"2021-11-06 00:00:00",261062,16709,
"2021-11-07 00:00:00",328192,24497,
"2021-11-08 00:00:00",293759,17978,
"2021-11-09 00:00:00",286248,17525,
"2021-11-10 00:00:00",286167,16718,
"2021-11-11 00:00:00",282120,18794,
"2021-11-12 00:00:00",313709,27970,
"2021-11-13 00:00:00",331588,23055,
"2021-11-14 00:00:00",327718,22987,
"2021-11-15 00:00:00",304020,27918,
"2021-11-16 00:00:00",298752,28503,
"2021-11-17 00:00:00",302177,33395,
"2021-11-18 00:00:00",300255,64692,
"2021-11-19 00:00:00",304479,64705,
"2021-11-20 00:00:00",329843,102165,
"2021-11-21 00:00:00",332963,107408,
"2021-11-22 00:00:00",311004,35579,
"2021-11-23 00:00:00",300410,101751,
"2021-11-24 00:00:00",309369,95079,
"2021-11-25 00:00:00",305952,100770,
"2021-11-26 00:00:00",329397,25310,
"2021-11-27 00:00:00",341570,101814,
"2021-11-28 00:00:00",344841,106246,
"2021-11-29 00:00:00",323965,95721,
"2021-11-30 00:00:00",318236,90582,
"2021-12-01 00:00:00",323237,86554,
"2021-12-02 00:00:00",323152,89701,
"2021-12-03 00:00:00",346402,33694,
"2021-12-04 00:00:00",359198,102433,
"2021-12-05 00:00:00",358776,112316,
"2021-12-06 00:00:00",332716,81630,
"2021-12-07 00:00:00",330218,85697,
"2021-12-08 00:00:00",332319,82928,
"2021-12-09 00:00:00",333090,87388,
"2021-12-10 00:00:00",358729,14805,
"2021-12-11 00:00:00",363651,94018,
"2021-12-12 00:00:00",366455,107277,
"2021-12-13 00:00:00",341871,13026,
"2021-12-14 00:00:00",334295,11114,
"2021-12-15 00:00:00",334295,13621,
"2021-12-16 00:00:00",320240,92202,
"2021-12-17 00:00:00",339944,90274,
"2021-12-18 00:00:00",344591,93569,
"2021-12-19 00:00:00",335726,108392,
"2021-12-20 00:00:00",325213,19162,
"2021-12-21 00:00:00",325776,19530,
"2021-12-22 00:00:00",331114,18839,
"2021-12-23 00:00:00",322298,30104,
"2021-12-24 00:00:00",325149,13951,
"2021-12-25 00:00:00",333724,17243,
"2021-12-26 00:00:00",340260,31783,
"2021-12-27 00:00:00",328271,13790,
"2021-12-28 00:00:00",325726,15207,
"2021-12-29 00:00:00",321938,27395,
"2021-12-30 00:00:00",317979,18251,
"2021-12-31 00:00:00",279623,30647,
"2022-01-01 00:00:00",325101,13492,
"2022-01-02 00:00:00",346215,15375,
"2022-01-03 00:00:00",336367,14833,
"2022-01-04 00:00:00",331819,22226,
"2022-01-05 00:00:00",333813,24172,
"2022-01-06 00:00:00",331935,25292,
"2022-01-07 00:00:00",337494,27310,
"2022-01-08 00:00:00",356557,18092,
"2022-01-09 00:00:00",351766,16601,
"2022-01-10 00:00:00",318253,25183,
"2022-01-11 00:00:00",22055,3067,
"2022-01-12 00:00:00",668706,58272,
"2022-01-13 00:00:00",625564,66923,
"2022-01-14 00:00:00",657135,39398,
"2022-01-15 00:00:00",691794,38393,
"2022-01-16 00:00:00",699792,29505,
"2022-01-17 00:00:00",598428,56736,
"2022-01-18 00:00:00",576680,45427,
"2022-01-19 00:00:00",567516,48367,
"2022-01-20 00:00:00",528575,64299,
"2022-01-21 00:00:00",547706,61479,
"2022-01-22 00:00:00",595781,43059,
"2022-01-23 00:00:00",604711,31756,
"2022-01-24 00:00:00",526863,37837,
"2022-01-25 00:00:00",505694,34886,
"2022-01-26 00:00:00",515678,89390,
"2022-01-27 00:00:00",489753,84244,
"2022-01-28 00:00:00",492345,47613,
"2022-01-29 00:00:00",495759,44324,
"2022-01-30 00:00:00",477696,37226,
"2022-01-31 00:00:00",346254,45295,
"2022-02-01 00:00:00",397262,73015,
"2022-02-02 00:00:00",407619,121626,
"2022-02-03 00:00:00",415508,48066,
"2022-02-04 00:00:00",422878,39428,
"2022-02-05 00:00:00",457191,39279,
"2022-02-06 00:00:00",481932,29170,
"2022-02-07 00:00:00",461305,30198,
"2022-02-08 00:00:00",468317,43383,
"2022-02-09 00:00:00",467435,37681,
"2022-02-10 00:00:00",461856,29743,
"2022-02-11 00:00:00",491760,64920,
"2022-02-12 00:00:00",515551,49449,
"2022-02-13 00:00:00",522447,23659,
"2022-02-14 00:00:00",442296,24896,
"2022-02-15 00:00:00",458401,38683,
"2022-02-16 00:00:00",483587,45932,
"2022-02-17 00:00:00",487746,25916,
"2022-02-18 00:00:00",505977,43290,
"2022-02-19 00:00:00",532115,46622,
"2022-02-20 00:00:00",529134,43607,
"2022-02-21 00:00:00",492578,25242,
"2022-02-22 00:00:00",489072,38137,
"2022-02-23 00:00:00",516443,49029,
"2022-02-24 00:00:00",469031,27451,
"2022-02-25 00:00:00",498762,85723,
"2022-02-26 00:00:00",517585,36627,
"2022-02-27 00:00:00",514654,46273,
"2022-02-28 00:00:00",473313,24904,
"2022-03-01 00:00:00",468649,46572,
"2022-03-02 00:00:00",466001,48240,
"2022-03-03 00:00:00",472648,29053,
"2022-03-04 00:00:00",490902,43778,
"2022-03-05 00:00:00",509627,64368,
"2022-03-06 00:00:00",503148,64922,
"2022-03-07 00:00:00",466143,34992,
"2022-03-08 00:00:00",454552,30078,
"2022-03-09 00:00:00",451633,29514,
"2022-03-10 00:00:00",451752,33778,
"2022-03-11 00:00:00",482055,31414,
"2022-03-12 00:00:00",499034,30767,
"2022-03-13 00:00:00",490467,28797,
"2022-03-14 00:00:00",446017,33785,
"2022-03-15 00:00:00",440756,32101,
"2022-03-16 00:00:00",405236,50934,
"2022-03-17 00:00:00",485385,31094,
"2022-03-18 00:00:00",506435,50557,
"2022-03-19 00:00:00",533702,50337,
"2022-03-20 00:00:00",528270,33996,
"2022-03-21 00:00:00",492352,24062,
"2022-03-22 00:00:00",467040,29775,
"2022-03-23 00:00:00",499580,47234,
"2022-03-24 00:00:00",477218,43650,
"2022-03-25 00:00:00",512632,41686,
"2022-03-26 00:00:00",536252,31972,
"2022-03-27 00:00:00",523928,34465,
"2022-03-28 00:00:00",487644,51598,
"2022-03-29 00:00:00",483450,44894,
"2022-03-30 00:00:00",504990,39891,
"2022-03-31 00:00:00",500106,32084,
"2022-04-01 00:00:00",523475,58873,
"2022-04-02 00:00:00",527621,51580,
"2022-04-03 00:00:00",526974,82015,
"2022-04-04 00:00:00",498963,45255,
"2022-04-05 00:00:00",482048,70229,
"2022-04-06 00:00:00",462482,40792,
"2022-04-07 00:00:00",448712,72696,
"2022-04-08 00:00:00",469750,45363,
"2022-04-09 00:00:00",511447,66679,
"2022-04-10 00:00:00",491050,82063,
"2022-04-11 00:00:00",443687,43590,
"2022-04-12 00:00:00",447530,32359,
"2022-04-13 00:00:00",487174,114386,
"2022-04-14 00:00:00",483777,55783,
"2022-04-15 00:00:00",510222,71046,
"2022-04-16 00:00:00",524023,61541,
"2022-04-17 00:00:00",518720,63903,
"2022-04-18 00:00:00",482960,38195,
"2022-04-19 00:00:00",465294,39793,
"2022-04-20 00:00:00",461703,55463,
"2022-04-21 00:00:00",455394,86473,
"2022-04-22 00:00:00",478732,137995,
"2022-04-23 00:00:00",480207,64599,
"2022-04-24 00:00:00",481521,62375,
"2022-04-25 00:00:00",450479,34542,
"2022-04-26 00:00:00",442423,32481,
"2022-04-27 00:00:00",448870,32463,
"2022-04-28 00:00:00",447273,23861,
"2022-04-29 00:00:00",455322,63032,
"2022-04-30 00:00:00",470430,55046,
"2022-05-01 00:00:00",467271,91931,
"2022-05-02 00:00:00",445167,36883,
"2022-05-03 00:00:00",451653,33481,
"2022-05-04 00:00:00",439176,30741,
"2022-05-05 00:00:00",441946,36539,
"2022-05-06 00:00:00",431607,47620,
"2022-05-07 00:00:00",470056,42129,
"2022-05-08 00:00:00",463782,64809,
"2022-05-09 00:00:00",442090,24007,
"2022-05-10 00:00:00",431128,24113,
"2022-05-11 00:00:00",447497,27140,
"2022-05-12 00:00:00",438767,25666,
"2022-05-13 00:00:00",431497,83406,
"2022-05-14 00:00:00",442394,93012,
"2022-05-15 00:00:00",433331,36423,
"2022-05-16 00:00:00",405220,27025,
"2022-05-17 00:00:00",407292,25629,
"2022-05-18 00:00:00",386083,34767,
"2022-05-19 00:00:00",404809,18125,
"2022-05-20 00:00:00",371394,25714,
"2022-05-21 00:00:00",408363,28511,
"2022-05-22 00:00:00",420015,23601,
"2022-05-23 00:00:00",390308,23320,
"2022-05-24 00:00:00",377483,23992,
"2022-05-25 00:00:00",402940,32371,
"2022-05-26 00:00:00",406847,20526,
"2022-05-27 00:00:00",420024,29961,
"2022-05-28 00:00:00",434814,34217,
"2022-05-29 00:00:00",425461,31672,
"2022-05-30 00:00:00",397136,42829,
"2022-05-31 00:00:00",392725,35522,
"2022-06-01 00:00:00",381537,23141,
"2022-06-02 00:00:00",391474,30262,
"2022-06-03 00:00:00",389028,27604,
"2022-06-04 00:00:00",406250,28530,
"2022-06-05 00:00:00",414321,27599,
"2022-06-06 00:00:00",388002,22305,
"2022-06-07 00:00:00",374777,20896,
"2022-06-08 00:00:00",392649,25451,
"2022-06-09 00:00:00",364795,25419,
"2022-06-10 00:00:00",386700,27866,
"2022-06-11 00:00:00",411873,23352,
"2022-06-12 00:00:00",407132,23572,
"2022-06-13 00:00:00",381387,22334,
"2022-06-14 00:00:00",367516,23293,
"2022-06-15 00:00:00",363510,25282,
"2022-06-16 00:00:00",354932,85271,
"2022-06-17 00:00:00",362452,92436,
"2022-06-18 00:00:00",381560,104244,
"2022-06-19 00:00:00",383652,118610,
"2022-06-20 00:00:00",368747,21851,
"2022-06-21 00:00:00",362216,21898,
"2022-06-22 00:00:00",374635,21822,
"2022-06-23 00:00:00",360953,22036,
"2022-06-24 00:00:00",365130,25816,
"2022-06-25 00:00:00",371579,27110,
"2022-06-26 00:00:00",381940,17914,
"2022-06-27 00:00:00",359978,38207,
"2022-06-28 00:00:00",353383,25587,
"2022-06-29 00:00:00",350926,29239,
"2022-06-30 00:00:00",343915,27448,
"2022-07-01 00:00:00",352725,28228,
"2022-07-02 00:00:00",365016,27106,
"2022-07-03 00:00:00",367218,22603,
"2022-07-04 00:00:00",345422,21815,
"2022-07-05 00:00:00",336162,40444,
"2022-07-06 00:00:00",325018,38493,
"2022-07-07 00:00:00",321339,51324,
"2022-07-08 00:00:00",323313,33983,
"2022-07-09 00:00:00",336560,40515,
"2022-07-10 00:00:00",336046,37425,
"2022-07-11 00:00:00",324044,29858,
"2022-07-12 00:00:00",317500,37053,
"2022-07-13 00:00:00",394124,168908,
"2022-07-14 00:00:00",378465,49769,
"2022-07-15 00:00:00",377330,97503,
"2022-07-16 00:00:00",390006,65511,
"2022-07-17 00:00:00",391820,57191,
"2022-07-18 00:00:00",370958,43936,
"2022-07-19 00:00:00",370956,42925,
"2022-07-20 00:00:00",368841,45847,
"2022-07-21 00:00:00",366042,31878,
"2022-07-22 00:00:00",377501,69737,
"2022-07-23 00:00:00",381204,40656,
"2022-07-24 00:00:00",378491,57625,
"2022-07-25 00:00:00",357827,37116,
"2022-07-26 00:00:00",352756,31286,
"2022-07-27 00:00:00",366739,32037,
"2022-07-28 00:00:00",361132,67453,
"2022-07-29 00:00:00",365361,29008,
"2022-07-30 00:00:00",378838,29028,
"2022-07-31 00:00:00",378684,47641,
"2022-08-01 00:00:00",364301,36154,
"2022-08-02 00:00:00",356071,37305,
"2022-08-03 00:00:00",360837,50692,
"2022-08-04 00:00:00",332331,23116,
"2022-08-05 00:00:00",374795,36317,
"2022-08-06 00:00:00",376811,36388,
"2022-08-07 00:00:00",377786,36461,
"2022-08-08 00:00:00",375188,22016,
"2022-08-09 00:00:00",374224,31766,
"2022-08-10 00:00:00",379136,48043,
"2022-08-11 00:00:00",373309,19701,
"2022-08-12 00:00:00",385794,32586,
"2022-08-13 00:00:00",383900,63729,
"2022-08-14 00:00:00",392789,48650,
"2022-08-15 00:00:00",387832,18256,
"2022-08-16 00:00:00",376576,21070,
"2022-08-17 00:00:00",375145,20809,
"2022-08-18 00:00:00",370162,14235,
"2022-08-19 00:00:00",373948,13191,
"2022-08-20 00:00:00",384543,30617,
"2022-08-21 00:00:00",385301,73957,
"2022-08-22 00:00:00",367958,13235,
"2022-08-23 00:00:00",366593,15561,
"2022-08-24 00:00:00",375165,26137,
"2022-08-25 00:00:00",369124,18321,
"2022-08-26 00:00:00",376915,36627,
"2022-08-27 00:00:00",390882,20015,
"2022-08-28 00:00:00",396248,20914,
"2022-08-29 00:00:00",373687,28570,
"2022-08-30 00:00:00",374390,23898,
"2022-08-31 00:00:00",373729,20611,
"2022-09-01 00:00:00",359858,27037,
"2022-09-02 00:00:00",375989,30091,
"2022-09-03 00:00:00",398251,24267,
"2022-09-04 00:00:00",391887,28036,
"2022-09-05 00:00:00",375798,20382,
"2022-09-06 00:00:00",374434,20267,
"2022-09-07 00:00:00",408731,25638,
"2022-09-08 00:00:00",406459,39450,
"2022-09-09 00:00:00",413251,33365,
"2022-09-10 00:00:00",412853,30037,
"2022-09-11 00:00:00",442131,31689,
"2022-09-12 00:00:00",423516,23365,
"2022-09-13 00:00:00",425046,25821,
"2022-09-14 00:00:00",160670,7655,