"DateTime","PUBG: BATTLEGROUNDS","Hunt: Showdown","Apex Legends","NARAKA: BLADEPOINT","Stumble Guys"
"2017-02-01 00:00:00",1,,,,
"2017-02-02 00:00:00",,,,,
"2017-02-03 00:00:00",,,,,
"2017-02-04 00:00:00",,,,,
"2017-02-05 00:00:00",,,,,
"2017-02-06 00:00:00",,,,,
"2017-02-07 00:00:00",,,,,
"2017-02-08 00:00:00",,,,,
"2017-02-09 00:00:00",,,,,
"2017-02-10 00:00:00",,,,,
"2017-02-11 00:00:00",,,,,
"2017-02-12 00:00:00",,,,,
"2017-02-13 00:00:00",,,,,
"2017-02-14 00:00:00",,,,,
"2017-02-15 00:00:00",,,,,
"2017-02-16 00:00:00",,,,,
"2017-02-17 00:00:00",,,,,
"2017-02-18 00:00:00",,,,,
"2017-02-19 00:00:00",,,,,
"2017-02-20 00:00:00",,,,,
"2017-02-21 00:00:00",,,,,
"2017-02-22 00:00:00",,,,,
"2017-02-23 00:00:00",,,,,
"2017-02-24 00:00:00",,,,,
"2017-02-25 00:00:00",,,,,
"2017-02-26 00:00:00",,,,,
"2017-02-27 00:00:00",,,,,
"2017-02-28 00:00:00",,,,,
"2017-03-01 00:00:00",1,,,,
"2017-03-02 00:00:00",,,,,
"2017-03-03 00:00:00",3,,,,
"2017-03-04 00:00:00",,,,,
"2017-03-05 00:00:00",,,,,
"2017-03-06 00:00:00",1,,,,
"2017-03-07 00:00:00",,,,,
"2017-03-08 00:00:00",,,,,
"2017-03-09 00:00:00",,,,,
"2017-03-10 00:00:00",1,,,,
"2017-03-11 00:00:00",,,,,
"2017-03-12 00:00:00",,,,,
"2017-03-13 00:00:00",,,,,
"2017-03-14 00:00:00",,,,,
"2017-03-15 00:00:00",,,,,
"2017-03-16 00:00:00",,,,,
"2017-03-17 00:00:00",,,,,
"2017-03-18 00:00:00",,,,,
"2017-03-19 00:00:00",,,,,
"2017-03-20 00:00:00",,,,,
"2017-03-21 00:00:00",,,,,
"2017-03-22 00:00:00",,,,,
"2017-03-23 00:00:00",39523,,,,
"2017-03-24 00:00:00",46119,,,,
"2017-03-25 00:00:00",53667,,,,
"2017-03-26 00:00:00",65629,,,,
"2017-03-27 00:00:00",56310,,,,
"2017-03-28 00:00:00",57175,,,,
"2017-03-29 00:00:00",57121,,,,
"2017-03-30 00:00:00",58532,,,,
"2017-03-31 00:00:00",65738,,,,
"2017-04-01 00:00:00",75682,,,,
"2017-04-02 00:00:00",86648,,,,
"2017-04-03 00:00:00",72785,,,,
"2017-04-04 00:00:00",70046,,,,
"2017-04-05 00:00:00",70541,,,,
"2017-04-06 00:00:00",70104,,,,
"2017-04-07 00:00:00",71165,,,,
"2017-04-08 00:00:00",81031,,,,
"2017-04-09 00:00:00",89066,,,,
"2017-04-10 00:00:00",80357,,,,
"2017-04-11 00:00:00",74820,,,,
"2017-04-12 00:00:00",73028,,,,
"2017-04-13 00:00:00",77263,,,,
"2017-04-14 00:00:00",87933,,,,
"2017-04-15 00:00:00",91451,,,,
"2017-04-16 00:00:00",96368,,,,
"2017-04-17 00:00:00",103672,,,,
"2017-04-18 00:00:00",87811,,,,
"2017-04-19 00:00:00",85688,,,,
"2017-04-20 00:00:00",103411,,,,
"2017-04-21 00:00:00",110636,,,,
"2017-04-22 00:00:00",125305,,,,
"2017-04-23 00:00:00",138478,,,,
"2017-04-24 00:00:00",108786,,,,
"2017-04-25 00:00:00",105878,,,,
"2017-04-26 00:00:00",104189,,,,
"2017-04-27 00:00:00",100633,,,,
"2017-04-28 00:00:00",111007,,,,
"2017-04-29 00:00:00",125847,,,,
"2017-04-30 00:00:00",132224,,,,
"2017-05-01 00:00:00",143302,,,,
"2017-05-02 00:00:00",121663,,,,
"2017-05-03 00:00:00",121333,,,,
"2017-05-04 00:00:00",121746,,,,
"2017-05-05 00:00:00",127751,,,,
"2017-05-06 00:00:00",149613,,,,
"2017-05-07 00:00:00",161117,,,,
"2017-05-08 00:00:00",142099,,,,
"2017-05-09 00:00:00",139173,,,,
"2017-05-10 00:00:00",134549,,,,
"2017-05-11 00:00:00",135010,,,,
"2017-05-12 00:00:00",145591,,,,
"2017-05-13 00:00:00",165926,,,,
"2017-05-14 00:00:00",174516,,,,
"2017-05-15 00:00:00",145584,,,,
"2017-05-16 00:00:00",146877,,,,
"2017-05-17 00:00:00",148631,,,,
"2017-05-18 00:00:00",146887,,,,
"2017-05-19 00:00:00",158062,,,,
"2017-05-20 00:00:00",173348,,,,
"2017-05-21 00:00:00",186916,,,,
"2017-05-22 00:00:00",157947,,,,
"2017-05-23 00:00:00",160833,,,,
"2017-05-24 00:00:00",151991,,,,
"2017-05-25 00:00:00",143727,,,,
"2017-05-26 00:00:00",172888,,,,
"2017-05-27 00:00:00",182698,,,,
"2017-05-28 00:00:00",191573,,,,
"2017-05-29 00:00:00",180861,,,,
"2017-05-30 00:00:00",172266,,,,
"2017-05-31 00:00:00",171474,,,,
"2017-06-01 00:00:00",168779,,,,
"2017-06-02 00:00:00",176691,,,,
"2017-06-03 00:00:00",194697,,,,
"2017-06-04 00:00:00",209081,,,,
"2017-06-05 00:00:00",204449,,,,
"2017-06-06 00:00:00",185607,,,,
"2017-06-07 00:00:00",180441,,,,
"2017-06-08 00:00:00",178360,,,,
"2017-06-09 00:00:00",188136,,,,
"2017-06-10 00:00:00",197874,,,,
"2017-06-11 00:00:00",218071,,,,
"2017-06-12 00:00:00",197381,,,,
"2017-06-13 00:00:00",192862,,,,
"2017-06-14 00:00:00",193730,,,,
"2017-06-15 00:00:00",200558,,,,
"2017-06-16 00:00:00",206596,,,,
"2017-06-17 00:00:00",220910,,,,
"2017-06-18 00:00:00",232325,,,,
"2017-06-19 00:00:00",209239,,,,
"2017-06-20 00:00:00",212130,,,,
"2017-06-21 00:00:00",211893,,,,
"2017-06-22 00:00:00",211103,,,,
"2017-06-23 00:00:00",218507,,,,
"2017-06-24 00:00:00",239810,,,,
"2017-06-25 00:00:00",257712,,,,
"2017-06-26 00:00:00",232986,,,,
"2017-06-27 00:00:00",236180,,,,
"2017-06-28 00:00:00",237002,,,,
"2017-06-29 00:00:00",255147,,,,
"2017-06-30 00:00:00",269383,,,,
"2017-07-01 00:00:00",290001,,,,
"2017-07-02 00:00:00",313807,,,,
"2017-07-03 00:00:00",286085,,,,
"2017-07-04 00:00:00",289135,,,,
"2017-07-05 00:00:00",284355,,,,
"2017-07-06 00:00:00",282554,,,,
"2017-07-07 00:00:00",301208,,,,
"2017-07-08 00:00:00",321026,,,,
"2017-07-09 00:00:00",340604,,,,
"2017-07-10 00:00:00",319705,,,,
"2017-07-11 00:00:00",321086,,,,
"2017-07-12 00:00:00",321392,,,,
"2017-07-13 00:00:00",313880,,,,
"2017-07-14 00:00:00",335374,,,,
"2017-07-15 00:00:00",355330,,,,
"2017-07-16 00:00:00",382779,,,,
"2017-07-17 00:00:00",329145,,,,
"2017-07-18 00:00:00",356656,,,,
"2017-07-19 00:00:00",351955,,,,
"2017-07-20 00:00:00",357712,,,,
"2017-07-21 00:00:00",363785,,,,
"2017-07-22 00:00:00",386257,,,,
"2017-07-23 00:00:00",422618,,,,
"2017-07-24 00:00:00",364760,,,,
"2017-07-25 00:00:00",412085,,,,
"2017-07-26 00:00:00",415193,,,,
"2017-07-27 00:00:00",370084,,,,
"2017-07-28 00:00:00",430582,,,,
"2017-07-29 00:00:00",445820,,,,
"2017-07-30 00:00:00",481304,,,,
"2017-07-31 00:00:00",461344,,,,
"2017-08-01 00:00:00",479439,,,,
"2017-08-02 00:00:00",479612,,,,
"2017-08-03 00:00:00",423030,,,,
"2017-08-04 00:00:00",523078,,,,
"2017-08-05 00:00:00",546584,,,,
"2017-08-06 00:00:00",581224,,,,
"2017-08-07 00:00:00",555240,,,,
"2017-08-08 00:00:00",552038,,,,
"2017-08-09 00:00:00",552155,,,,
"2017-08-10 00:00:00",538332,,,,
"2017-08-11 00:00:00",559613,,,,
"2017-08-12 00:00:00",586190,,,,
"2017-08-13 00:00:00",614743,,,,
"2017-08-14 00:00:00",613642,1,,,
"2017-08-15 00:00:00",617207,2,,,
"2017-08-16 00:00:00",620133,1,,,
"2017-08-17 00:00:00",628489,,,,
"2017-08-18 00:00:00",659152,,,,
"2017-08-19 00:00:00",699249,,,,
"2017-08-20 00:00:00",678113,,,,
"2017-08-21 00:00:00",687633,,,,
"2017-08-22 00:00:00",718030,,,,
"2017-08-23 00:00:00",710065,1,,,
"2017-08-24 00:00:00",755998,,,,
"2017-08-25 00:00:00",774342,,,,
"2017-08-26 00:00:00",810668,,,,
"2017-08-27 00:00:00",877844,,,,
"2017-08-28 00:00:00",804696,,,,
"2017-08-29 00:00:00",874184,,,,
"2017-08-30 00:00:00",887388,,,,
"2017-08-31 00:00:00",857891,,,,
"2017-09-01 00:00:00",886154,,,,
"2017-09-02 00:00:00",936020,,,,
"2017-09-03 00:00:00",970240,,,,
"2017-09-04 00:00:00",954533,1,,,
"2017-09-05 00:00:00",962950,,,,
"2017-09-06 00:00:00",968512,1,,,
"2017-09-07 00:00:00",980039,,,,
"2017-09-08 00:00:00",1028275,1,,,
"2017-09-09 00:00:00",1069054,,,,
"2017-09-10 00:00:00",1111155,,,,
"2017-09-11 00:00:00",1063156,,,,
"2017-09-12 00:00:00",1073334,,,,
"2017-09-13 00:00:00",1090862,,,,
"2017-09-14 00:00:00",1135586,,,,
"2017-09-15 00:00:00",1238017,,,,
"2017-09-16 00:00:00",1349413,,,,
"2017-09-17 00:00:00",1338091,,,,
"2017-09-18 00:00:00",1302950,,,,
"2017-09-19 00:00:00",1280976,,,,
"2017-09-20 00:00:00",1333200,,,,
"2017-09-21 00:00:00",1243166,,,,
"2017-09-22 00:00:00",1462708,,,,
"2017-09-23 00:00:00",1529218,,,,
"2017-09-24 00:00:00",1493939,,,,
"2017-09-25 00:00:00",1462955,,,,
"2017-09-26 00:00:00",1466143,1,,,
"2017-09-27 00:00:00",1451925,2,,,
"2017-09-28 00:00:00",1473144,,,,
"2017-09-29 00:00:00",1420977,,,,
"2017-09-30 00:00:00",1574445,,,,
"2017-10-01 00:00:00",1669015,,,,
"2017-10-02 00:00:00",1628409,,,,
"2017-10-03 00:00:00",1668715,,,,
"2017-10-04 00:00:00",1655027,,,,
"2017-10-05 00:00:00",1767288,2,,,
"2017-10-06 00:00:00",1846134,1,,,
"2017-10-07 00:00:00",1993691,,,,
"2017-10-08 00:00:00",1960892,,,,
"2017-10-09 00:00:00",1962803,,,,
"2017-10-10 00:00:00",1931930,,,,
"2017-10-11 00:00:00",2016498,3,,,
"2017-10-12 00:00:00",2041534,2,,,
"2017-10-13 00:00:00",2157343,1,,,
"2017-10-14 00:00:00",2289971,,,,
"2017-10-15 00:00:00",2167546,,,,
"2017-10-16 00:00:00",2081099,,,,
"2017-10-17 00:00:00",1720392,1,,,
"2017-10-18 00:00:00",2112689,,,,
"2017-10-19 00:00:00",2085661,,,,
"2017-10-20 00:00:00",2275603,,,,
"2017-10-21 00:00:00",2251203,,,,
"2017-10-22 00:00:00",2128994,,,,
"2017-10-23 00:00:00",2160577,,,,
"2017-10-24 00:00:00",2178295,,,,
"2017-10-25 00:00:00",2185097,,,,
"2017-10-26 00:00:00",2158697,,,,
"2017-10-27 00:00:00",2387794,,,,
"2017-10-28 00:00:00",2390946,,,,
"2017-10-29 00:00:00",2276682,,,,
"2017-10-30 00:00:00",2247503,1,,,
"2017-10-31 00:00:00",2237373,,,,
"2017-11-01 00:00:00",2303015,,,,
"2017-11-02 00:00:00",2328745,1,,,
"2017-11-03 00:00:00",2524595,1,,,
"2017-11-04 00:00:00",2557336,,,,
"2017-11-05 00:00:00",2451505,,,,
"2017-11-06 00:00:00",2399159,,,,
"2017-11-07 00:00:00",2377139,,,,
"2017-11-08 00:00:00",2406967,,,,
"2017-11-09 00:00:00",2435545,,,,
"2017-11-10 00:00:00",2552565,1,,,
"2017-11-11 00:00:00",2641811,,,,
"2017-11-12 00:00:00",2580337,,,,
"2017-11-13 00:00:00",2531936,1,,,
"2017-11-14 00:00:00",2522283,1,,,
"2017-11-15 00:00:00",2545420,1,,,
"2017-11-16 00:00:00",2567825,1,,,
"2017-11-17 00:00:00",2793176,1,,,
"2017-11-18 00:00:00",2904846,,,,
"2017-11-19 00:00:00",2778309,,,,
"2017-11-20 00:00:00",2686146,2,,,
"2017-11-21 00:00:00",2674342,3,,,
"2017-11-22 00:00:00",2618738,2,,,
"2017-11-23 00:00:00",2642524,1,,,
"2017-11-24 00:00:00",2891657,2,,,
"2017-11-25 00:00:00",2940359,1,,,
"2017-11-26 00:00:00",2798630,1,,,
"2017-11-27 00:00:00",2683770,2,,,
"2017-11-28 00:00:00",2631504,2,,,
"2017-11-29 00:00:00",2670554,1,,,
"2017-11-30 00:00:00",2664769,1,,,
"2017-12-01 00:00:00",2903859,1,,,
"2017-12-02 00:00:00",2961112,,,,
"2017-12-03 00:00:00",2817793,,,,
"2017-12-04 00:00:00",2711041,,,,
"2017-12-05 00:00:00",2709615,1,,,
"2017-12-06 00:00:00",2729519,2,,,
"2017-12-07 00:00:00",2796272,3,,,
"2017-12-08 00:00:00",2845552,2,,,
"2017-12-09 00:00:00",2913526,,,,
"2017-12-10 00:00:00",2751550,,,,
"2017-12-11 00:00:00",2652413,6,,,
"2017-12-12 00:00:00",2668501,10,,,
"2017-12-13 00:00:00",2680201,39,,,
"2017-12-14 00:00:00",2616642,2,,,
"2017-12-15 00:00:00",2804838,2,,,
"2017-12-16 00:00:00",2869156,,,,
"2017-12-17 00:00:00",2648933,,,,
"2017-12-18 00:00:00",2600604,,,,
"2017-12-19 00:00:00",2648596,,,,
"2017-12-20 00:00:00",2699268,,,,
"2017-12-21 00:00:00",1901658,1,,,
"2017-12-22 00:00:00",2912831,,,,
"2017-12-23 00:00:00",2893414,,,,
"2017-12-24 00:00:00",2701140,,,,
"2017-12-25 00:00:00",2720182,,,,
"2017-12-26 00:00:00",2879002,,,,
"2017-12-27 00:00:00",2911567,,,,
"2017-12-28 00:00:00",2940119,,,,
"2017-12-29 00:00:00",3105063,,,,
"2017-12-30 00:00:00",3027050,,,,
"2017-12-31 00:00:00",2735776,,,,
"2018-01-01 00:00:00",2792515,,,,
"2018-01-02 00:00:00",2987585,,,,
"2018-01-03 00:00:00",2948824,,,,
"2018-01-04 00:00:00",2908153,,,,
"2018-01-05 00:00:00",3111095,,,,
"2018-01-06 00:00:00",3165053,,,,
"2018-01-07 00:00:00",3028424,,,,
"2018-01-08 00:00:00",2916008,,,,
"2018-01-09 00:00:00",2882162,,,,
"2018-01-10 00:00:00",2821337,,,,
"2018-01-11 00:00:00",2608675,2,,,
"2018-01-12 00:00:00",3119191,2,,,
"2018-01-13 00:00:00",3257248,,,,
"2018-01-14 00:00:00",3149524,,,,
"2018-01-15 00:00:00",3035560,2,,,
"2018-01-16 00:00:00",2984565,2,,,
"2018-01-17 00:00:00",3021621,2,,,
"2018-01-18 00:00:00",2995704,2,,,
"2018-01-19 00:00:00",3082953,2,,,
"2018-01-20 00:00:00",3156713,,,,
"2018-01-21 00:00:00",3088609,,,,
"2018-01-22 00:00:00",2975607,3,,,
"2018-01-23 00:00:00",2972069,2,,,
"2018-01-24 00:00:00",2935037,2,,,
"2018-01-25 00:00:00",2655842,3,,,
"2018-01-26 00:00:00",3034540,3,,,
"2018-01-27 00:00:00",3092549,,,,
"2018-01-28 00:00:00",3071708,2,,,
"2018-01-29 00:00:00",2915453,3,,,
"2018-01-30 00:00:00",2940731,3,,,
"2018-01-31 00:00:00",2894346,3,,,
"2018-02-01 00:00:00",2734796,3,,,
"2018-02-02 00:00:00",2811749,3,,,
"2018-02-03 00:00:00",2957507,2,,,
"2018-02-04 00:00:00",2933527,2,,,
"2018-02-05 00:00:00",2820516,2,,,
"2018-02-06 00:00:00",2803438,2,,,
"2018-02-07 00:00:00",2543501,2,,,
"2018-02-08 00:00:00",2750007,1,,,
"2018-02-09 00:00:00",2679866,1,,,
"2018-02-10 00:00:00",2690449,,,,
"2018-02-11 00:00:00",2700520,,,,
"2018-02-12 00:00:00",2540839,,,,
"2018-02-13 00:00:00",2434563,2,,,
"2018-02-14 00:00:00",2177418,2,,,
"2018-02-15 00:00:00",1684566,1,,,
"2018-02-16 00:00:00",2041561,2,,,
"2018-02-17 00:00:00",2165638,,,,
"2018-02-18 00:00:00",2258546,,,,
"2018-02-19 00:00:00",2233947,2,,,
"2018-02-20 00:00:00",2316442,2,,,
"2018-02-21 00:00:00",2437625,2,,,
"2018-02-22 00:00:00",2187318,6490,,,
"2018-02-23 00:00:00",2597848,9535,,,
"2018-02-24 00:00:00",2713437,9967,,,
"2018-02-25 00:00:00",2750196,10617,,,
"2018-02-26 00:00:00",2498316,8551,,,
"2018-02-27 00:00:00",2712416,7476,,,
"2018-02-28 00:00:00",2731402,7909,,,
"2018-03-01 00:00:00",2646691,6444,,,
"2018-03-02 00:00:00",2670202,6666,,,
"2018-03-03 00:00:00",2802807,7671,,,
"2018-03-04 00:00:00",2697444,8250,,,
"2018-03-05 00:00:00",2603557,6029,,,
"2018-03-06 00:00:00",2597254,5158,,,
"2018-03-07 00:00:00",2611750,4978,,,
"2018-03-08 00:00:00",2546480,5477,,,
"2018-03-09 00:00:00",2652781,4807,,,
"2018-03-10 00:00:00",2736269,4888,,,
"2018-03-11 00:00:00",2608166,5477,,,
"2018-03-12 00:00:00",2464229,4285,,,
"2018-03-13 00:00:00",2100904,3943,,,
"2018-03-14 00:00:00",2519524,3586,,,
"2018-03-15 00:00:00",2508880,3301,,,
"2018-03-16 00:00:00",2724247,3539,,,
"2018-03-17 00:00:00",2807003,3724,,,
"2018-03-18 00:00:00",2613261,4052,,,
"2018-03-19 00:00:00",2466420,3105,,,
"2018-03-20 00:00:00",2435565,2760,,,
"2018-03-21 00:00:00",2402488,2762,,,
"2018-03-22 00:00:00",2327636,2410,,,
"2018-03-23 00:00:00",2551186,2476,,,
"2018-03-24 00:00:00",2747269,2658,,,
"2018-03-25 00:00:00",2522023,3009,,,
"2018-03-26 00:00:00",2331646,2428,,,
"2018-03-27 00:00:00",2392156,2208,,,
"2018-03-28 00:00:00",2350681,2040,,,
"2018-03-29 00:00:00",2404535,1996,,,
"2018-03-30 00:00:00",2634331,2166,,,
"2018-03-31 00:00:00",2486554,2181,,,
"2018-04-01 00:00:00",2347833,2242,,,
"2018-04-02 00:00:00",2222281,2247,,,
"2018-04-03 00:00:00",2226291,1782,,,
"2018-04-04 00:00:00",2461794,1740,,,
"2018-04-05 00:00:00",2433921,1756,,,
"2018-04-06 00:00:00",2438825,1790,,,
"2018-04-07 00:00:00",2339259,2067,,,
"2018-04-08 00:00:00",2260520,2131,,,
"2018-04-09 00:00:00",2150591,1821,,,
"2018-04-10 00:00:00",2144661,1632,,,
"2018-04-11 00:00:00",2124506,1550,,,
"2018-04-12 00:00:00",1877716,1902,,,
"2018-04-13 00:00:00",2428897,1943,,,
"2018-04-14 00:00:00",2408125,2097,,,
"2018-04-15 00:00:00",2222605,2237,,,
"2018-04-16 00:00:00",1989003,1757,,,
"2018-04-17 00:00:00",1945381,1647,,,
"2018-04-18 00:00:00",1954853,1580,,,
"2018-04-19 00:00:00",1992584,1587,,,
"2018-04-20 00:00:00",2298063,1386,,,
"2018-04-21 00:00:00",2306962,1546,,,
"2018-04-22 00:00:00",2167270,1652,,,
"2018-04-23 00:00:00",1976595,1491,,,
"2018-04-24 00:00:00",1911117,1433,,,
"2018-04-25 00:00:00",1940222,1281,,,
"2018-04-26 00:00:00",1857855,1363,,,
"2018-04-27 00:00:00",1861128,1272,,,
"2018-04-28 00:00:00",2028515,1375,,,
"2018-04-29 00:00:00",1978515,1492,,,
"2018-04-30 00:00:00",1990013,1303,,,
"2018-05-01 00:00:00",1920870,1260,,,
"2018-05-02 00:00:00",1854643,1181,,,
"2018-05-03 00:00:00",1599724,1117,,,
"2018-05-04 00:00:00",2179344,1037,,,
"2018-05-05 00:00:00",2120708,1044,,,
"2018-05-06 00:00:00",1996661,1105,,,
"2018-05-07 00:00:00",1823331,1130,,,
"2018-05-08 00:00:00",1808215,908,,,
"2018-05-09 00:00:00",1807300,829,,,
"2018-05-10 00:00:00",1824830,862,,,
"2018-05-11 00:00:00",1838953,1918,,,
"2018-05-12 00:00:00",1885965,2147,,,
"2018-05-13 00:00:00",1725044,2289,,,
"2018-05-14 00:00:00",1603647,1990,,,
"2018-05-15 00:00:00",1582474,1920,,,
"2018-05-16 00:00:00",1594080,1843,,,
"2018-05-17 00:00:00",1567378,1798,,,
"2018-05-18 00:00:00",1802768,1762,,,
"2018-05-19 00:00:00",1806076,1932,,,
"2018-05-20 00:00:00",1681088,2118,,,
"2018-05-21 00:00:00",1580484,1819,,,
"2018-05-22 00:00:00",1575365,1701,,,
"2018-05-23 00:00:00",1540243,1558,,,
"2018-05-24 00:00:00",1558344,1600,,,
"2018-05-25 00:00:00",1684366,1818,,,
"2018-05-26 00:00:00",1734247,2240,,,
"2018-05-27 00:00:00",1570216,2772,,,
"2018-05-28 00:00:00",1483945,2842,,,
"2018-05-29 00:00:00",1500954,2144,,,
"2018-05-30 00:00:00",1533069,2011,,,
"2018-05-31 00:00:00",1489915,1917,,,
"2018-06-01 00:00:00",1625791,1815,,,
"2018-06-02 00:00:00",1652570,1986,,,
"2018-06-03 00:00:00",1586565,2095,,,
"2018-06-04 00:00:00",1539619,1780,,,
"2018-06-05 00:00:00",1586049,1880,,,
"2018-06-06 00:00:00",1533823,1694,,,
"2018-06-07 00:00:00",1536429,1714,,,
"2018-06-08 00:00:00",1767366,2291,,,
"2018-06-09 00:00:00",1724861,2854,,,
"2018-06-10 00:00:00",1586492,2977,,,
"2018-06-11 00:00:00",1487069,2256,,,
"2018-06-12 00:00:00",1508372,2221,,,
"2018-06-13 00:00:00",1506084,2211,,,
"2018-06-14 00:00:00",1477682,1933,,,
"2018-06-15 00:00:00",1471233,1923,,,
"2018-06-16 00:00:00",1408530,2212,,,
"2018-06-17 00:00:00",1495313,2470,,,
"2018-06-18 00:00:00",1432449,2113,,,
"2018-06-19 00:00:00",1290032,1855,,,
"2018-06-20 00:00:00",1285109,1842,,,
"2018-06-21 00:00:00",1359864,2561,,,
"2018-06-22 00:00:00",1524462,2753,,,
"2018-06-23 00:00:00",1688343,3066,,,
"2018-06-24 00:00:00",1637530,3409,,,
"2018-06-25 00:00:00",1578485,2952,,,
"2018-06-26 00:00:00",1520207,2810,,,
"2018-06-27 00:00:00",1440186,2685,,,
"2018-06-28 00:00:00",1289154,2697,,,
"2018-06-29 00:00:00",1356343,2638,,,
"2018-06-30 00:00:00",1336887,3031,,,
"2018-07-01 00:00:00",1353031,3773,,,
"2018-07-02 00:00:00",1295000,3064,,,
"2018-07-03 00:00:00",1297869,2882,,,
"2018-07-04 00:00:00",1306329,3658,,,
"2018-07-05 00:00:00",1244353,3469,,,
"2018-07-06 00:00:00",1309303,2890,,,
"2018-07-07 00:00:00",1335704,2898,,,
"2018-07-08 00:00:00",1324480,3414,,,
"2018-07-09 00:00:00",1285515,2860,,,
"2018-07-10 00:00:00",1284166,2680,,,
"2018-07-11 00:00:00",1277500,2587,,,
"2018-07-12 00:00:00",1202176,2605,,,
"2018-07-13 00:00:00",1272032,2633,,,
"2018-07-14 00:00:00",1241282,2800,,,
"2018-07-15 00:00:00",1250115,3187,,,
"2018-07-16 00:00:00",1236782,3711,,,
"2018-07-17 00:00:00",1250318,3473,,,
"2018-07-18 00:00:00",1237700,3312,,,
"2018-07-19 00:00:00",1252752,3177,,,
"2018-07-20 00:00:00",1335064,3111,,,
"2018-07-21 00:00:00",1339071,3193,,,
"2018-07-22 00:00:00",1329078,3594,,,
"2018-07-23 00:00:00",1255994,3170,,,
"2018-07-24 00:00:00",1283262,2861,,,
"2018-07-25 00:00:00",1280741,2797,,,
"2018-07-26 00:00:00",1299484,2635,,,
"2018-07-27 00:00:00",1307656,2474,,,
"2018-07-28 00:00:00",1258122,2677,,,
"2018-07-29 00:00:00",1254035,3239,,,
"2018-07-30 00:00:00",1290744,2668,,,
"2018-07-31 00:00:00",1271022,2589,,,
"2018-08-01 00:00:00",1243027,2576,,,
"2018-08-02 00:00:00",1226603,2601,,,
"2018-08-03 00:00:00",1248850,2475,,,
"2018-08-04 00:00:00",1243783,2513,,,
"2018-08-05 00:00:00",1255623,2931,,,
"2018-08-06 00:00:00",1181571,3432,,,
"2018-08-07 00:00:00",1175902,3128,,,
"2018-08-08 00:00:00",1073724,3017,,,
"2018-08-09 00:00:00",1172262,6492,,,
"2018-08-10 00:00:00",1114489,12786,,,
"2018-08-11 00:00:00",1172157,14038,,,
"2018-08-12 00:00:00",1184981,14136,,,
"2018-08-13 00:00:00",1138388,7841,,,
"2018-08-14 00:00:00",1139534,5091,,,
"2018-08-15 00:00:00",1115512,4851,,,
"2018-08-16 00:00:00",1090274,4405,,,
"2018-08-17 00:00:00",1053776,4133,,,
"2018-08-18 00:00:00",1187422,4477,,,
"2018-08-19 00:00:00",1174141,4928,,,
"2018-08-20 00:00:00",1097494,4080,,,
"2018-08-21 00:00:00",1124698,3842,,,
"2018-08-22 00:00:00",1138021,3766,,,
"2018-08-23 00:00:00",1137029,3729,,,
"2018-08-24 00:00:00",1174910,4031,,,
"2018-08-25 00:00:00",1190514,4295,,,
"2018-08-26 00:00:00",1164104,4904,,,
"2018-08-27 00:00:00",1106200,4041,,,
"2018-08-28 00:00:00",1106043,3957,,,
"2018-08-29 00:00:00",1091043,3624,,,
"2018-08-30 00:00:00",1090349,3712,,,
"2018-08-31 00:00:00",1115111,3540,,,
"2018-09-01 00:00:00",1099621,3801,,,
"2018-09-02 00:00:00",1078927,4237,,,
"2018-09-03 00:00:00",1032185,4024,,,
"2018-09-04 00:00:00",1125932,2991,,,
"2018-09-05 00:00:00",1005484,2954,,,
"2018-09-06 00:00:00",1006844,2524,,,
"2018-09-07 00:00:00",1087473,2609,,,
"2018-09-08 00:00:00",1116354,3047,,,
"2018-09-09 00:00:00",1039062,3168,,,
"2018-09-10 00:00:00",960263,2682,,,
"2018-09-11 00:00:00",958714,2705,,,
"2018-09-12 00:00:00",976253,2505,,,
"2018-09-13 00:00:00",1110760,3255,,,
"2018-09-14 00:00:00",1115086,3026,,,
"2018-09-15 00:00:00",1128795,3266,,,
"2018-09-16 00:00:00",1092144,3462,,,
"2018-09-17 00:00:00",1021462,3064,,,
"2018-09-18 00:00:00",999769,2912,,,
"2018-09-19 00:00:00",994004,2780,,,
"2018-09-20 00:00:00",995711,2762,,,
"2018-09-21 00:00:00",1079364,2904,,,
"2018-09-22 00:00:00",1082120,3183,,,
"2018-09-23 00:00:00",1125462,3564,,,
"2018-09-24 00:00:00",998729,3005,,,
"2018-09-25 00:00:00",989933,2774,,,
"2018-09-26 00:00:00",983493,2689,,,
"2018-09-27 00:00:00",943584,2653,,,
"2018-09-28 00:00:00",964669,2737,,,
"2018-09-29 00:00:00",983446,3032,,,
"2018-09-30 00:00:00",1040164,3402,,,
"2018-10-01 00:00:00",950165,2794,,,
"2018-10-02 00:00:00",945733,2711,,,
"2018-10-03 00:00:00",960816,2771,,,
"2018-10-04 00:00:00",941269,2674,,,
"2018-10-05 00:00:00",916596,2623,,,
"2018-10-06 00:00:00",1055508,3021,,,
"2018-10-07 00:00:00",1021057,3287,,,
"2018-10-08 00:00:00",948575,2971,,,
"2018-10-09 00:00:00",940820,2730,,,
"2018-10-10 00:00:00",852238,2823,,,
"2018-10-11 00:00:00",836300,2711,,,
"2018-10-12 00:00:00",955819,2806,,,
"2018-10-13 00:00:00",1023746,3200,,,
"2018-10-14 00:00:00",927559,3626,,,
"2018-10-15 00:00:00",876955,3172,,,
"2018-10-16 00:00:00",846193,3076,,,
"2018-10-17 00:00:00",835973,3062,,,
"2018-10-18 00:00:00",864675,2978,,,
"2018-10-19 00:00:00",938802,2863,,,
"2018-10-20 00:00:00",965507,3049,,,
"2018-10-21 00:00:00",944706,3313,,,
"2018-10-22 00:00:00",859126,2765,,,
"2018-10-23 00:00:00",803345,2485,,,
"2018-10-24 00:00:00",870192,2663,,,
"2018-10-25 00:00:00",860280,2546,,,
"2018-10-26 00:00:00",943023,2260,,,
"2018-10-27 00:00:00",961868,2551,,,
"2018-10-28 00:00:00",915145,2766,,,
"2018-10-29 00:00:00",852022,2521,,,
"2018-10-30 00:00:00",848017,2375,,,
"2018-10-31 00:00:00",821094,2361,,,
"2018-11-01 00:00:00",830675,3026,,,
"2018-11-02 00:00:00",899212,2617,,,
"2018-11-03 00:00:00",888932,2688,,,
"2018-11-04 00:00:00",871756,2770,,,
"2018-11-05 00:00:00",804729,2259,,,
"2018-11-06 00:00:00",798186,2161,,,
"2018-11-07 00:00:00",823745,2033,,,
"2018-11-08 00:00:00",797339,1878,,,
"2018-11-09 00:00:00",822848,1985,,,
"2018-11-10 00:00:00",867996,2222,,,
"2018-11-11 00:00:00",838380,2321,,,
"2018-11-12 00:00:00",783911,2041,,,
"2018-11-13 00:00:00",782310,1778,,,
"2018-11-14 00:00:00",792290,1664,,,
"2018-11-15 00:00:00",777768,2901,,,
"2018-11-16 00:00:00",842399,3005,,,
"2018-11-17 00:00:00",898133,3259,,,
"2018-11-18 00:00:00",858673,3340,,,
"2018-11-19 00:00:00",786883,2955,,,
"2018-11-20 00:00:00",795710,2721,,,
"2018-11-21 00:00:00",794832,2755,,,
"2018-11-22 00:00:00",799527,2786,,,
"2018-11-23 00:00:00",851131,3041,,,
"2018-11-24 00:00:00",897522,3264,,,
"2018-11-25 00:00:00",856216,3861,,,
"2018-11-26 00:00:00",792614,3163,,,
"2018-11-27 00:00:00",805741,3141,,,
"2018-11-28 00:00:00",810979,2917,,,
"2018-11-29 00:00:00",804956,2908,,,
"2018-11-30 00:00:00",884564,2949,,,
"2018-12-01 00:00:00",927372,3290,,,
"2018-12-02 00:00:00",898667,3511,,,
"2018-12-03 00:00:00",830881,2847,,,
"2018-12-04 00:00:00",832684,2790,,,
"2018-12-05 00:00:00",839782,2537,,,
"2018-12-06 00:00:00",840054,2508,,,
"2018-12-07 00:00:00",878200,2393,,,
"2018-12-08 00:00:00",912235,2717,,,
"2018-12-09 00:00:00",880955,2845,,,
"2018-12-10 00:00:00",831909,2457,,,
"2018-12-11 00:00:00",807682,2374,,,
"2018-12-12 00:00:00",813949,2227,,,
"2018-12-13 00:00:00",811348,2891,,,
"2018-12-14 00:00:00",878143,3177,,,
"2018-12-15 00:00:00",926855,3593,,,
"2018-12-16 00:00:00",908968,3960,,,
"2018-12-17 00:00:00",845277,3429,,,
"2018-12-18 00:00:00",852889,3393,,,
"2018-12-19 00:00:00",1042110,3339,,,
"2018-12-20 00:00:00",1047464,3104,,,
"2018-12-21 00:00:00",1077319,3157,,,
"2018-12-22 00:00:00",1119014,3188,,,
"2018-12-23 00:00:00",1082613,3229,,,
"2018-12-24 00:00:00",974362,2297,,,
"2018-12-25 00:00:00",969929,2701,,,
"2018-12-26 00:00:00",1011873,2839,,,
"2018-12-27 00:00:00",995066,2953,,,
"2018-12-28 00:00:00",1003214,2982,,,
"2018-12-29 00:00:00",1039988,3090,,,
"2018-12-30 00:00:00",1039383,3322,,,
"2018-12-31 00:00:00",926175,2440,,,
"2019-01-01 00:00:00",986759,3074,,,
"2019-01-02 00:00:00",988726,2947,,,
"2019-01-03 00:00:00",978611,2732,,,
"2019-01-04 00:00:00",1037423,2694,,,
"2019-01-05 00:00:00",1091897,2867,,,
"2019-01-06 00:00:00",1053933,2964,,,
"2019-01-07 00:00:00",970440,2621,,,
"2019-01-08 00:00:00",972455,2400,,,
"2019-01-09 00:00:00",973687,2383,,,
"2019-01-10 00:00:00",958155,2469,,,
"2019-01-11 00:00:00",1002374,2565,,,
"2019-01-12 00:00:00",1069995,2971,,,
"2019-01-13 00:00:00",1051360,3022,,,
"2019-01-14 00:00:00",975754,2537,,,
"2019-01-15 00:00:00",973809,2431,,,
"2019-01-16 00:00:00",962822,2386,,,
"2019-01-17 00:00:00",955166,2289,,,
"2019-01-18 00:00:00",978083,2392,,,
"2019-01-19 00:00:00",1022828,2592,,,
"2019-01-20 00:00:00",1027389,2817,,,
"2019-01-21 00:00:00",933529,2511,,,
"2019-01-22 00:00:00",911478,2260,,,
"2019-01-23 00:00:00",929388,2280,,,
"2019-01-24 00:00:00",891518,2176,,,
"2019-01-25 00:00:00",884575,2115,,,
"2019-01-26 00:00:00",935053,2324,,,
"2019-01-27 00:00:00",947041,2527,,,
"2019-01-28 00:00:00",875550,2184,,,
"2019-01-29 00:00:00",787343,2127,,,
"2019-01-30 00:00:00",797040,2144,,,
"2019-01-31 00:00:00",800279,2016,,,
"2019-02-01 00:00:00",793914,1843,,,
"2019-02-02 00:00:00",809999,2043,,,
"2019-02-03 00:00:00",787925,2251,,,
"2019-02-04 00:00:00",558470,2155,,,
"2019-02-05 00:00:00",662762,1963,,,
"2019-02-06 00:00:00",690666,1698,,,
"2019-02-07 00:00:00",709172,2459,,,
"2019-02-08 00:00:00",747664,2302,,,
"2019-02-09 00:00:00",804030,2498,,,
"2019-02-10 00:00:00",852355,2730,,,
"2019-02-11 00:00:00",835490,2233,,,
"2019-02-12 00:00:00",845921,2197,,,
"2019-02-13 00:00:00",858666,2064,,,
"2019-02-14 00:00:00",801747,1833,,,
"2019-02-15 00:00:00",891027,1970,,,
"2019-02-16 00:00:00",923672,2088,,,
"2019-02-17 00:00:00",931754,2243,,,
"2019-02-18 00:00:00",893536,2054,,,
"2019-02-19 00:00:00",845996,1766,,,
"2019-02-20 00:00:00",859067,1812,,,
"2019-02-21 00:00:00",871544,1775,,,
"2019-02-22 00:00:00",882956,1960,,,
"2019-02-23 00:00:00",915662,2254,,,
"2019-02-24 00:00:00",891749,2477,,,
"2019-02-25 00:00:00",830311,2134,,,
"2019-02-26 00:00:00",833583,1945,,,
"2019-02-27 00:00:00",759149,1860,,,
"2019-02-28 00:00:00",816309,1865,,,
"2019-03-01 00:00:00",869608,1961,,,
"2019-03-02 00:00:00",904021,2249,,,
"2019-03-03 00:00:00",855382,2540,,,
"2019-03-04 00:00:00",791633,2155,,,
"2019-03-05 00:00:00",796397,2024,,,
"2019-03-06 00:00:00",787774,2018,,,
"2019-03-07 00:00:00",786361,2029,,,
"2019-03-08 00:00:00",830556,1935,,,
"2019-03-09 00:00:00",898360,2268,,,
"2019-03-10 00:00:00",836461,2366,,,
"2019-03-11 00:00:00",791538,2138,,,
"2019-03-12 00:00:00",783943,2926,,,
"2019-03-13 00:00:00",785274,2590,,,
"2019-03-14 00:00:00",800679,2564,,,
"2019-03-15 00:00:00",860708,2521,,,
"2019-03-16 00:00:00",905999,2638,,,
"2019-03-17 00:00:00",860785,2844,,,
"2019-03-18 00:00:00",795081,2448,,,
"2019-03-19 00:00:00",792476,2328,,,
"2019-03-20 00:00:00",784037,2295,,,
"2019-03-21 00:00:00",796946,2277,,,
"2019-03-22 00:00:00",870044,2196,,,
"2019-03-23 00:00:00",889884,2373,,,
"2019-03-24 00:00:00",856634,2582,,,
"2019-03-25 00:00:00",773920,2146,,,
"2019-03-26 00:00:00",766534,2109,,,
"2019-03-27 00:00:00",773081,2052,,,
"2019-03-28 00:00:00",843518,1983,,,
"2019-03-29 00:00:00",913396,1938,,,
"2019-03-30 00:00:00",942933,2052,,,
"2019-03-31 00:00:00",911814,2395,,,
"2019-04-01 00:00:00",839003,2202,,,
"2019-04-02 00:00:00",831820,2204,,,
"2019-04-03 00:00:00",854717,2214,,,
"2019-04-04 00:00:00",899215,1963,,,
"2019-04-05 00:00:00",864580,2047,,,
"2019-04-06 00:00:00",847644,2318,,,
"2019-04-07 00:00:00",857649,2558,,,
"2019-04-08 00:00:00",801126,2315,,,
"2019-04-09 00:00:00",816591,2205,,,
"2019-04-10 00:00:00",780335,2060,,,
"2019-04-11 00:00:00",809674,2015,,,
"2019-04-12 00:00:00",870764,2175,,,
"2019-04-13 00:00:00",896037,2371,,,
"2019-04-14 00:00:00",855380,2395,,,
"2019-04-15 00:00:00",794381,1996,,,
"2019-04-16 00:00:00",736129,2065,,,
"2019-04-17 00:00:00",736328,1999,,,
"2019-04-18 00:00:00",745352,2099,,,
"2019-04-19 00:00:00",815594,2167,,,
"2019-04-20 00:00:00",839486,2273,,,
"2019-04-21 00:00:00",800938,2376,,,
"2019-04-22 00:00:00",792917,2169,,,
"2019-04-23 00:00:00",770286,2058,,,
"2019-04-24 00:00:00",717339,1957,,,
"2019-04-25 00:00:00",762211,2007,,,
"2019-04-26 00:00:00",809024,2146,,,
"2019-04-27 00:00:00",824730,2386,,,
"2019-04-28 00:00:00",829876,2714,,,
"2019-04-29 00:00:00",782408,2093,,,
"2019-04-30 00:00:00",825897,2120,,,
"2019-05-01 00:00:00",799367,2147,,,
"2019-05-02 00:00:00",768507,3129,,,
"2019-05-03 00:00:00",811091,3240,,,
"2019-05-04 00:00:00",807371,3390,,,
"2019-05-05 00:00:00",824692,3984,,,
"2019-05-06 00:00:00",787052,3119,,,
"2019-05-07 00:00:00",785910,3064,,,
"2019-05-08 00:00:00",790069,3099,,,
"2019-05-09 00:00:00",753251,2959,,,
"2019-05-10 00:00:00",791533,3124,,,
"2019-05-11 00:00:00",822913,3521,,,
"2019-05-12 00:00:00",784612,3562,,,
"2019-05-13 00:00:00",734203,2965,,,
"2019-05-14 00:00:00",736278,2871,,,
"2019-05-15 00:00:00",737354,2883,,,
"2019-05-16 00:00:00",727205,2664,,,
"2019-05-17 00:00:00",762215,2878,,,
"2019-05-18 00:00:00",820622,2993,,,
"2019-05-19 00:00:00",787834,3220,,,
"2019-05-20 00:00:00",694365,2726,,,
"2019-05-21 00:00:00",722994,2767,,,
"2019-05-22 00:00:00",727685,2719,,,
"2019-05-23 00:00:00",680888,2556,,,
"2019-05-24 00:00:00",754972,2605,,,
"2019-05-25 00:00:00",786292,2847,,,
"2019-05-26 00:00:00",759829,3120,,,
"2019-05-27 00:00:00",719091,3015,,,
"2019-05-28 00:00:00",704047,2865,,,
"2019-05-29 00:00:00",702474,2750,,,
"2019-05-30 00:00:00",709870,2721,,,
"2019-05-31 00:00:00",747878,2721,,,
"2019-06-01 00:00:00",747864,2674,,,
"2019-06-02 00:00:00",732024,3153,,,
"2019-06-03 00:00:00",686180,2737,,,
"2019-06-04 00:00:00",692949,2600,,,
"2019-06-05 00:00:00",710828,2610,,,
"2019-06-06 00:00:00",713788,2601,,,
"2019-06-07 00:00:00",704295,2654,,,
"2019-06-08 00:00:00",740925,2546,,,
"2019-06-09 00:00:00",723493,2881,,,
"2019-06-10 00:00:00",707629,2603,,,
"2019-06-11 00:00:00",697643,2455,,,
"2019-06-12 00:00:00",693504,2393,,,
"2019-06-13 00:00:00",694466,3788,,,
"2019-06-14 00:00:00",716364,10101,,,
"2019-06-15 00:00:00",749529,12753,,,
"2019-06-16 00:00:00",730037,12542,,,
"2019-06-17 00:00:00",690283,7721,,,
"2019-06-18 00:00:00",672179,4471,,,
"2019-06-19 00:00:00",663202,4366,,,
"2019-06-20 00:00:00",675061,4311,,,
"2019-06-21 00:00:00",699900,3913,,,
"2019-06-22 00:00:00",726213,4178,,,
"2019-06-23 00:00:00",709749,4542,,,
"2019-06-24 00:00:00",666244,3871,,,
"2019-06-25 00:00:00",673583,3683,,,
"2019-06-26 00:00:00",739541,3787,,,
"2019-06-27 00:00:00",699625,3771,,,
"2019-06-28 00:00:00",729982,3619,,,
"2019-06-29 00:00:00",735698,3783,,,
"2019-06-30 00:00:00",710788,4242,,,
"2019-07-01 00:00:00",668303,3913,,,
"2019-07-02 00:00:00",688195,3557,,,
"2019-07-03 00:00:00",689343,3779,,,
"2019-07-04 00:00:00",686010,3872,,,
"2019-07-05 00:00:00",692695,3791,,,
"2019-07-06 00:00:00",716629,3840,,,
"2019-07-07 00:00:00",717898,4252,,,
"2019-07-08 00:00:00",679962,3858,,,
"2019-07-09 00:00:00",676091,3872,,,
"2019-07-10 00:00:00",670848,3679,,,
"2019-07-11 00:00:00",658369,3541,,,
"2019-07-12 00:00:00",660142,3531,,,
"2019-07-13 00:00:00",673013,3708,,,
"2019-07-14 00:00:00",670466,4192,,,
"2019-07-15 00:00:00",631679,3654,,,
"2019-07-16 00:00:00",604168,3636,,,
"2019-07-17 00:00:00",621337,3564,,,
"2019-07-18 00:00:00",631860,3687,,,
"2019-07-19 00:00:00",649156,3686,,,
"2019-07-20 00:00:00",661890,3941,,,
"2019-07-21 00:00:00",669114,4419,,,
"2019-07-22 00:00:00",643046,3950,,,
"2019-07-23 00:00:00",624293,3473,,,
"2019-07-24 00:00:00",706233,3161,,,
"2019-07-25 00:00:00",724148,3044,,,
"2019-07-26 00:00:00",732654,3082,,,
"2019-07-27 00:00:00",747307,3353,,,
"2019-07-28 00:00:00",751793,3817,,,
"2019-07-29 00:00:00",734761,3547,,,
"2019-07-30 00:00:00",731127,3387,,,
"2019-07-31 00:00:00",740419,3452,,,
"2019-08-01 00:00:00",721365,3548,,,
"2019-08-02 00:00:00",726458,3742,,,
"2019-08-03 00:00:00",736436,3946,,,
"2019-08-04 00:00:00",748527,4475,,,
"2019-08-05 00:00:00",712293,4111,,,
"2019-08-06 00:00:00",703399,4077,,,
"2019-08-07 00:00:00",657405,4139,,,
"2019-08-08 00:00:00",703200,4040,,,
"2019-08-09 00:00:00",725213,3857,,,
"2019-08-10 00:00:00",744703,4123,,,
"2019-08-11 00:00:00",756114,4328,,,
"2019-08-12 00:00:00",727661,4166,,,
"2019-08-13 00:00:00",719913,4157,,,
"2019-08-14 00:00:00",720289,3366,,,
"2019-08-15 00:00:00",708517,4026,,,
"2019-08-16 00:00:00",709903,3914,,,
"2019-08-17 00:00:00",723170,4305,,,
"2019-08-18 00:00:00",723614,4915,,,
"2019-08-19 00:00:00",689162,3886,,,
"2019-08-20 00:00:00",665690,3505,,,
"2019-08-21 00:00:00",685121,7779,,,
"2019-08-22 00:00:00",670660,9409,,,
"2019-08-23 00:00:00",680066,9489,,,
"2019-08-24 00:00:00",687657,10205,,,
"2019-08-25 00:00:00",699829,11518,,,
"2019-08-26 00:00:00",675824,8822,,,
"2019-08-27 00:00:00",654781,10709,,,
"2019-08-28 00:00:00",649264,10692,,,
"2019-08-29 00:00:00",629908,10420,,,
"2019-08-30 00:00:00",658323,10532,,,
"2019-08-31 00:00:00",665462,11900,,,
"2019-09-01 00:00:00",646049,13165,,,
"2019-09-02 00:00:00",619909,13498,,,
"2019-09-03 00:00:00",613055,10653,,,
"2019-09-04 00:00:00",607426,10337,,,
"2019-09-05 00:00:00",592227,10048,,,
"2019-09-06 00:00:00",629844,9680,,,
"2019-09-07 00:00:00",664212,11067,,,
"2019-09-08 00:00:00",628492,11850,,,
"2019-09-09 00:00:00",586328,9677,,,
"2019-09-10 00:00:00",580416,8975,,,
"2019-09-11 00:00:00",594297,8728,,,
"2019-09-12 00:00:00",610713,8740,,,
"2019-09-13 00:00:00",586481,7976,,,
"2019-09-14 00:00:00",625792,8697,,,
"2019-09-15 00:00:00",617403,9570,,,
"2019-09-16 00:00:00",577611,8136,,,
"2019-09-17 00:00:00",590928,7365,,,
"2019-09-18 00:00:00",584006,7527,,,
"2019-09-19 00:00:00",576220,6958,,,
"2019-09-20 00:00:00",612796,7297,,,
"2019-09-21 00:00:00",642696,7475,,,
"2019-09-22 00:00:00",612623,8274,,,
"2019-09-23 00:00:00",567406,7098,,,
"2019-09-24 00:00:00",563407,7068,,,
"2019-09-25 00:00:00",553272,7076,,,
"2019-09-26 00:00:00",563163,6681,,,
"2019-09-27 00:00:00",578771,6991,,,
"2019-09-28 00:00:00",597088,7862,,,
"2019-09-29 00:00:00",588717,8637,,,
"2019-09-30 00:00:00",587937,7470,,,
"2019-10-01 00:00:00",570466,7000,,,
"2019-10-02 00:00:00",575918,6698,,,
"2019-10-03 00:00:00",573576,6830,,,
"2019-10-04 00:00:00",585831,6688,,,
"2019-10-05 00:00:00",610291,7088,,,
"2019-10-06 00:00:00",636933,7744,,,
"2019-10-07 00:00:00",582013,6515,,,
"2019-10-08 00:00:00",575425,6453,,,
"2019-10-09 00:00:00",565291,6075,,,
"2019-10-10 00:00:00",546535,6044,,,
"2019-10-11 00:00:00",580319,6177,,,
"2019-10-12 00:00:00",585054,6614,,,
"2019-10-13 00:00:00",572358,7191,,,
"2019-10-14 00:00:00",546159,6294,,,
"2019-10-15 00:00:00",520345,5803,,,
"2019-10-16 00:00:00",539562,5646,,,
"2019-10-17 00:00:00",514219,6290,,,
"2019-10-18 00:00:00",559734,6630,,,
"2019-10-19 00:00:00",571380,6733,,,
"2019-10-20 00:00:00",555731,7179,,,
"2019-10-21 00:00:00",526943,6012,,,
"2019-10-22 00:00:00",530018,5924,,,
"2019-10-23 00:00:00",603362,5428,,,
"2019-10-24 00:00:00",611072,5495,,,
"2019-10-25 00:00:00",639563,5564,,,
"2019-10-26 00:00:00",614681,5720,,,
"2019-10-27 00:00:00",611882,5917,,,
"2019-10-28 00:00:00",586390,4426,,,
"2019-10-29 00:00:00",517918,5088,,,
"2019-10-30 00:00:00",538720,4900,,,
"2019-10-31 00:00:00",543788,4502,,,
"2019-11-01 00:00:00",574180,5162,,,
"2019-11-02 00:00:00",545720,5497,,,
"2019-11-03 00:00:00",525943,5903,,,
"2019-11-04 00:00:00",561418,5145,,,
"2019-11-05 00:00:00",560622,4527,,,
"2019-11-06 00:00:00",604275,4443,,,
"2019-11-07 00:00:00",592034,4469,,,
"2019-11-08 00:00:00",611725,4593,,,
"2019-11-09 00:00:00",663914,4693,,,
"2019-11-10 00:00:00",562852,5300,,,
"2019-11-11 00:00:00",601544,4743,,,
"2019-11-12 00:00:00",610715,4311,,,
"2019-11-13 00:00:00",615893,4350,,,
"2019-11-14 00:00:00",597039,4178,,,
"2019-11-15 00:00:00",633767,4373,,,
"2019-11-16 00:00:00",670526,4459,,,
"2019-11-17 00:00:00",661729,4992,,,
"2019-11-18 00:00:00",622477,4284,,,
"2019-11-19 00:00:00",605890,4401,,,
"2019-11-20 00:00:00",619378,4425,,,
"2019-11-21 00:00:00",634883,4401,,,
"2019-11-22 00:00:00",647143,4629,,,
"2019-11-23 00:00:00",680036,4921,,,
"2019-11-24 00:00:00",684839,5598,,,
"2019-11-25 00:00:00",650227,4819,,,
"2019-11-26 00:00:00",635004,4699,,,
"2019-11-27 00:00:00",646999,4672,,,
"2019-11-28 00:00:00",634047,4889,,,
"2019-11-29 00:00:00",671427,4963,,,
"2019-11-30 00:00:00",700581,5444,,,
"2019-12-01 00:00:00",686004,6279,,,
"2019-12-02 00:00:00",627059,5361,,,
"2019-12-03 00:00:00",613762,4864,,,
"2019-12-04 00:00:00",625363,4681,,,
"2019-12-05 00:00:00",622679,6268,,,
"2019-12-06 00:00:00",652974,6185,,,
"2019-12-07 00:00:00",693723,6010,,,
"2019-12-08 00:00:00",665264,7218,,,
"2019-12-09 00:00:00",615244,6156,,,
"2019-12-10 00:00:00",606618,5932,,,
"2019-12-11 00:00:00",613579,5639,,,
"2019-12-12 00:00:00",599733,6423,,,
"2019-12-13 00:00:00",633518,10721,,,
"2019-12-14 00:00:00",670449,13033,,,
"2019-12-15 00:00:00",646119,12929,,,
"2019-12-16 00:00:00",602784,7943,,,
"2019-12-17 00:00:00",593326,6836,,,
"2019-12-18 00:00:00",597820,6581,,,
"2019-12-19 00:00:00",585832,6629,,,
"2019-12-20 00:00:00",606788,6645,,,
"2019-12-21 00:00:00",661686,6972,,,
"2019-12-22 00:00:00",645978,7635,,,
"2019-12-23 00:00:00",612863,6992,,,
"2019-12-24 00:00:00",565210,5096,,,
"2019-12-25 00:00:00",594632,6499,,,
"2019-12-26 00:00:00",617390,7070,,,
"2019-12-27 00:00:00",643169,7576,,,
"2019-12-28 00:00:00",669907,7979,,,
"2019-12-29 00:00:00",638320,8616,,,
"2019-12-30 00:00:00",614577,8186,,,
"2019-12-31 00:00:00",567385,6162,,,
"2020-01-01 00:00:00",614363,8507,,,
"2020-01-02 00:00:00",599263,8412,,,
"2020-01-03 00:00:00",632760,8369,,,
"2020-01-04 00:00:00",651756,9065,,,
"2020-01-05 00:00:00",650503,8893,,,
"2020-01-06 00:00:00",610334,7638,,,
"2020-01-07 00:00:00",606420,7274,,,
"2020-01-08 00:00:00",609793,7023,,,
"2020-01-09 00:00:00",613508,6932,,,
"2020-01-10 00:00:00",593145,7280,,,
"2020-01-11 00:00:00",610738,8026,,,
"2020-01-12 00:00:00",603448,8175,,,
"2020-01-13 00:00:00",549598,6860,,,
"2020-01-14 00:00:00",542679,6611,,,
"2020-01-15 00:00:00",533338,6376,,,
"2020-01-16 00:00:00",499473,6496,,,
"2020-01-17 00:00:00",498798,6951,,,
"2020-01-18 00:00:00",508173,7538,,,
"2020-01-19 00:00:00",513903,8371,,,
"2020-01-20 00:00:00",483076,7190,,,
"2020-01-21 00:00:00",475652,6623,,,
"2020-01-22 00:00:00",528722,6525,,,
"2020-01-23 00:00:00",500323,6727,,,
"2020-01-24 00:00:00",339070,7182,,,
"2020-01-25 00:00:00",404964,7976,,,
"2020-01-26 00:00:00",451913,8642,,,
"2020-01-27 00:00:00",457318,7480,,,
"2020-01-28 00:00:00",474702,7395,,,
"2020-01-29 00:00:00",497818,6972,,,
"2020-01-30 00:00:00",516015,7158,,,
"2020-01-31 00:00:00",540487,7264,,,
"2020-02-01 00:00:00",566938,7919,,,
"2020-02-02 00:00:00",581046,8550,,,
"2020-02-03 00:00:00",562616,6898,,,
"2020-02-04 00:00:00",563399,6855,,,
"2020-02-05 00:00:00",572778,6864,,,
"2020-02-06 00:00:00",572594,6616,,,
"2020-02-07 00:00:00",582207,7061,,,
"2020-02-08 00:00:00",595029,7823,,,
"2020-02-09 00:00:00",604948,8213,,,
"2020-02-10 00:00:00",579106,7130,,,
"2020-02-11 00:00:00",582419,6568,,,
"2020-02-12 00:00:00",578459,6392,,,
"2020-02-13 00:00:00",569867,6650,,,
"2020-02-14 00:00:00",559630,6892,,,
"2020-02-15 00:00:00",590771,8096,,,
"2020-02-16 00:00:00",591726,8665,,,
"2020-02-17 00:00:00",562142,7710,,,
"2020-02-18 00:00:00",555361,7172,,,
"2020-02-19 00:00:00",614184,7124,,,
"2020-02-20 00:00:00",577104,7292,,,
"2020-02-21 00:00:00",583688,8691,,,
"2020-02-22 00:00:00",586862,10360,,,
"2020-02-23 00:00:00",584139,12181,,,
"2020-02-24 00:00:00",542926,10614,,,
"2020-02-25 00:00:00",544082,10906,,,
"2020-02-26 00:00:00",550151,10428,,,
"2020-02-27 00:00:00",534040,10466,,,
"2020-02-28 00:00:00",548394,10662,,,
"2020-02-29 00:00:00",569147,12428,,,
"2020-03-01 00:00:00",562538,12946,,,
"2020-03-02 00:00:00",532317,11350,,,
"2020-03-03 00:00:00",528097,10684,,,
"2020-03-04 00:00:00",532433,10104,,,
"2020-03-05 00:00:00",521267,9839,,,
"2020-03-06 00:00:00",541116,10047,,,
"2020-03-07 00:00:00",559301,10877,,,
"2020-03-08 00:00:00",552350,11573,,,
"2020-03-09 00:00:00",497139,10242,,,
"2020-03-10 00:00:00",511646,9038,,,
"2020-03-11 00:00:00",499914,8333,,,
"2020-03-12 00:00:00",500574,8515,,,
"2020-03-13 00:00:00",523702,8785,,,
"2020-03-14 00:00:00",525462,9464,,,
"2020-03-15 00:00:00",515050,9419,,,
"2020-03-16 00:00:00",486076,8931,,,
"2020-03-17 00:00:00",471235,8818,,,
"2020-03-18 00:00:00",488092,8829,,,
"2020-03-19 00:00:00",495750,8619,,,
"2020-03-20 00:00:00",501729,8971,,,
"2020-03-21 00:00:00",525096,9280,,,
"2020-03-22 00:00:00",527361,8960,,,
"2020-03-23 00:00:00",573661,8395,,,
"2020-03-24 00:00:00",534857,8041,,,
"2020-03-25 00:00:00",546511,8122,,,
"2020-03-26 00:00:00",551705,7736,,,
"2020-03-27 00:00:00",558011,8466,,,
"2020-03-28 00:00:00",565660,8759,,,
"2020-03-29 00:00:00",562701,8619,,,
"2020-03-30 00:00:00",530038,7784,,,
"2020-03-31 00:00:00",508285,7675,,,
"2020-04-01 00:00:00",596513,7859,,,
"2020-04-02 00:00:00",567655,8461,,,
"2020-04-03 00:00:00",560748,8911,,,
"2020-04-04 00:00:00",925699,9457,,,
"2020-04-05 00:00:00",565383,9465,,,
"2020-04-06 00:00:00",548834,9028,,,
"2020-04-07 00:00:00",519292,8777,,,
"2020-04-08 00:00:00",494388,8997,,,
"2020-04-09 00:00:00",498418,9574,,,
"2020-04-10 00:00:00",523198,9750,,,
"2020-04-11 00:00:00",543263,9761,,,
"2020-04-12 00:00:00",520019,10074,,,
"2020-04-13 00:00:00",490184,9416,,,
"2020-04-14 00:00:00",478522,12778,,,
"2020-04-15 00:00:00",456664,11044,,,
"2020-04-16 00:00:00",458238,9856,,,
"2020-04-17 00:00:00",475704,10932,,,
"2020-04-18 00:00:00",491492,11174,,,
"2020-04-19 00:00:00",480387,10546,,,
"2020-04-20 00:00:00",458254,9670,,,
"2020-04-21 00:00:00",456459,9697,,,
"2020-04-22 00:00:00",573938,9437,,,
"2020-04-23 00:00:00",562374,9149,,,
"2020-04-24 00:00:00",581626,9559,,,
"2020-04-25 00:00:00",581831,9691,,,
"2020-04-26 00:00:00",568204,9451,,,
"2020-04-27 00:00:00",560824,8606,,,
"2020-04-28 00:00:00",558204,8675,,,
"2020-04-29 00:00:00",518053,8637,,,
"2020-04-30 00:00:00",516565,8874,,,
"2020-05-01 00:00:00",505404,8774,,,
"2020-05-02 00:00:00",481598,9117,,,
"2020-05-03 00:00:00",499738,9105,,,
"2020-05-04 00:00:00",505949,8447,,,
"2020-05-05 00:00:00",497528,8326,,,
"2020-05-06 00:00:00",495199,8387,,,
"2020-05-07 00:00:00",500753,8310,,,
"2020-05-08 00:00:00",504529,8422,,,
"2020-05-09 00:00:00",526081,8839,,,
"2020-05-10 00:00:00",506627,8571,,,
"2020-05-11 00:00:00",495045,8608,,,
"2020-05-12 00:00:00",486374,8175,,,
"2020-05-13 00:00:00",493738,8397,,,
"2020-05-14 00:00:00",503740,8330,,,
"2020-05-15 00:00:00",480226,8433,,,
"2020-05-16 00:00:00",507640,8317,,,
"2020-05-17 00:00:00",487848,8538,,,
"2020-05-18 00:00:00",472825,8120,,,
"2020-05-19 00:00:00",471867,8128,,,
"2020-05-20 00:00:00",516299,9004,,,
"2020-05-21 00:00:00",528707,8798,,,
"2020-05-22 00:00:00",527297,9752,,,
"2020-05-23 00:00:00",553620,10293,,,
"2020-05-24 00:00:00",551966,10680,,,
"2020-05-25 00:00:00",543158,10863,,,
"2020-05-26 00:00:00",533813,9503,,,
"2020-05-27 00:00:00",530444,9637,,,
"2020-05-28 00:00:00",511520,9540,,,
"2020-05-29 00:00:00",531660,9681,,,
"2020-05-30 00:00:00",554821,10286,,,
"2020-05-31 00:00:00",531298,10803,,,
"2020-06-01 00:00:00",499612,9799,,,
"2020-06-02 00:00:00",494188,9360,,,
"2020-06-03 00:00:00",499154,9156,,,
"2020-06-04 00:00:00",499208,9102,,,
"2020-06-05 00:00:00",537617,9121,,,
"2020-06-06 00:00:00",546782,9050,,,
"2020-06-07 00:00:00",527883,9483,,,
"2020-06-08 00:00:00",504249,8325,,,
"2020-06-09 00:00:00",484384,9734,,,
"2020-06-10 00:00:00",478455,9195,,,
"2020-06-11 00:00:00",471404,9201,,,
"2020-06-12 00:00:00",489859,8731,,,
"2020-06-13 00:00:00",499110,8754,,,
"2020-06-14 00:00:00",490243,9586,,,
"2020-06-15 00:00:00",474875,8716,,,
"2020-06-16 00:00:00",470299,8199,,,
"2020-06-17 00:00:00",493971,7931,,,
"2020-06-18 00:00:00",470307,8119,,,
"2020-06-19 00:00:00",492998,7506,,,
"2020-06-20 00:00:00",506989,7692,,,
"2020-06-21 00:00:00",495109,8346,,,
"2020-06-22 00:00:00",476207,8014,,,
"2020-06-23 00:00:00",458075,7539,,,
"2020-06-24 00:00:00",474288,7505,,,
"2020-06-25 00:00:00",461921,9743,,,
"2020-06-26 00:00:00",468640,9665,,,
"2020-06-27 00:00:00",474347,9764,,,
"2020-06-28 00:00:00",469812,11080,,,
"2020-06-29 00:00:00",463642,12095,,,
"2020-06-30 00:00:00",448053,12862,,,
"2020-07-01 00:00:00",459555,12675,,,
"2020-07-02 00:00:00",461131,12858,,,
"2020-07-03 00:00:00",467796,13121,,,
"2020-07-04 00:00:00",489778,12352,,,
"2020-07-05 00:00:00",476409,14200,,,
"2020-07-06 00:00:00",457287,13111,,,
"2020-07-07 00:00:00",457916,11677,,,
"2020-07-08 00:00:00",452210,11537,,,
"2020-07-09 00:00:00",442628,11097,,,
"2020-07-10 00:00:00",450141,11151,,,
"2020-07-11 00:00:00",457976,10896,,,
"2020-07-12 00:00:00",449756,11379,,,
"2020-07-13 00:00:00",425626,10148,,,
"2020-07-14 00:00:00",423564,9996,,,
"2020-07-15 00:00:00",407534,9645,,,
"2020-07-16 00:00:00",405138,9372,,,
"2020-07-17 00:00:00",421350,9335,,,
"2020-07-18 00:00:00",427521,9531,,,
"2020-07-19 00:00:00",420289,10279,,,
"2020-07-20 00:00:00",399078,9558,,,
"2020-07-21 00:00:00",389836,9179,,,
"2020-07-22 00:00:00",468605,8767,,,
"2020-07-23 00:00:00",443326,8621,,,
"2020-07-24 00:00:00",450139,8850,,,
"2020-07-25 00:00:00",456707,8970,,,
"2020-07-26 00:00:00",468927,9801,,,
"2020-07-27 00:00:00",450134,8984,,,
"2020-07-28 00:00:00",438898,8811,,,
"2020-07-29 00:00:00",440850,8665,,,
"2020-07-30 00:00:00",435739,8480,,,
"2020-07-31 00:00:00",439395,8182,,,
"2020-08-01 00:00:00",443567,8567,,,
"2020-08-02 00:00:00",428602,9526,,,
"2020-08-03 00:00:00",435052,9182,,,
"2020-08-04 00:00:00",431096,9401,,,
"2020-08-05 00:00:00",422748,8784,,,
"2020-08-06 00:00:00",412002,8476,,,
"2020-08-07 00:00:00",414644,8172,,,
"2020-08-08 00:00:00",411710,8135,,,
"2020-08-09 00:00:00",409260,8936,,,
"2020-08-10 00:00:00",409096,8193,,,
"2020-08-11 00:00:00",400251,7977,,,
"2020-08-12 00:00:00",408258,7848,,,
"2020-08-13 00:00:00",390387,7905,,,
"2020-08-14 00:00:00",389832,7834,,,
"2020-08-15 00:00:00",398581,8042,,,
"2020-08-16 00:00:00",403074,8813,,,
"2020-08-17 00:00:00",385415,8299,,,
"2020-08-18 00:00:00",381194,8336,,,
"2020-08-19 00:00:00",404238,8312,,,
"2020-08-20 00:00:00",374551,8584,,,
"2020-08-21 00:00:00",365580,8728,,,
"2020-08-22 00:00:00",387996,9437,,,
"2020-08-23 00:00:00",394152,9817,,,
"2020-08-24 00:00:00",382923,9468,,,
"2020-08-25 00:00:00",344249,9282,,,
"2020-08-26 00:00:00",387287,9306,,,
"2020-08-27 00:00:00",366992,9362,,,
"2020-08-28 00:00:00",384352,9462,,,
"2020-08-29 00:00:00",396935,9809,,,
"2020-08-30 00:00:00",380766,10835,,,
"2020-08-31 00:00:00",375181,9912,,,
"2020-09-01 00:00:00",371684,9300,,,
"2020-09-02 00:00:00",383191,10081,,,
"2020-09-03 00:00:00",368720,9262,,,
"2020-09-04 00:00:00",378164,9630,,,
"2020-09-05 00:00:00",390307,9578,,,
"2020-09-06 00:00:00",393525,10408,,,
"2020-09-07 00:00:00",378482,10623,,,
"2020-09-08 00:00:00",365664,9064,,,
"2020-09-09 00:00:00",370187,8718,,,
"2020-09-10 00:00:00",375901,8764,,,
"2020-09-11 00:00:00",384260,8736,,,
"2020-09-12 00:00:00",404149,9085,,,
"2020-09-13 00:00:00",396628,9718,,,
"2020-09-14 00:00:00",375115,8651,,,
"2020-09-15 00:00:00",371233,8401,,,
"2020-09-16 00:00:00",358110,8293,,,
"2020-09-17 00:00:00",362854,8187,,,
"2020-09-18 00:00:00",364565,8331,,,
"2020-09-19 00:00:00",381798,8401,,,
"2020-09-20 00:00:00",371398,8984,,,
"2020-09-21 00:00:00",343759,8227,,,
"2020-09-22 00:00:00",336952,8102,,,
"2020-09-23 00:00:00",335062,7881,,,
"2020-09-24 00:00:00",327058,7640,,,
"2020-09-25 00:00:00",338744,8034,,,
"2020-09-26 00:00:00",342838,8190,,,
"2020-09-27 00:00:00",336556,8659,,,
"2020-09-28 00:00:00",336222,7936,,,
"2020-09-29 00:00:00",334691,7673,,,
"2020-09-30 00:00:00",325135,7602,,,
"2020-10-01 00:00:00",304349,7436,,,
"2020-10-02 00:00:00",322535,7677,,,
"2020-10-03 00:00:00",332403,7938,,,
"2020-10-04 00:00:00",333706,8375,,,
"2020-10-05 00:00:00",312145,7716,,,
"2020-10-06 00:00:00",321536,7464,,,
"2020-10-07 00:00:00",338371,7295,,,
"2020-10-08 00:00:00",328207,7209,,,
"2020-10-09 00:00:00",332041,7688,,,
"2020-10-10 00:00:00",354872,7701,,,
"2020-10-11 00:00:00",341001,8077,,,
"2020-10-12 00:00:00",318080,7978,,,
"2020-10-13 00:00:00",319650,7625,,,
"2020-10-14 00:00:00",317312,7960,,,
"2020-10-15 00:00:00",322090,7899,,,
"2020-10-16 00:00:00",325227,8259,,,
"2020-10-17 00:00:00",326320,8831,,,
"2020-10-18 00:00:00",338658,9327,,,
"2020-10-19 00:00:00",314156,8624,,,
"2020-10-20 00:00:00",304894,8590,,,
"2020-10-21 00:00:00",367499,8447,,,
"2020-10-22 00:00:00",359911,8487,,,
"2020-10-23 00:00:00",363319,9261,,,
"2020-10-24 00:00:00",381079,9565,,,
"2020-10-25 00:00:00",360700,9953,,,
"2020-10-26 00:00:00",362304,9226,,,
"2020-10-27 00:00:00",366312,10530,,,
"2020-10-28 00:00:00",365878,13033,,,
"2020-10-29 00:00:00",355108,12537,,,
"2020-10-30 00:00:00",363275,15123,,,
"2020-10-31 00:00:00",333173,13427,,,
"2020-11-01 00:00:00",377047,16588,,,
"2020-11-02 00:00:00",347125,15322,,,
"2020-11-03 00:00:00",346450,13965,,,
"2020-11-04 00:00:00",355278,13293,,,
"2020-11-05 00:00:00",334974,12792,88869,,
"2020-11-06 00:00:00",364611,11501,100028,,
"2020-11-07 00:00:00",385002,11963,113394,,
"2020-11-08 00:00:00",384175,11720,116660,,
"2020-11-09 00:00:00",359602,10798,105216,,
"2020-11-10 00:00:00",357919,9865,106587,,
"2020-11-11 00:00:00",350719,9553,100065,,
"2020-11-12 00:00:00",360353,9287,100437,,
"2020-11-13 00:00:00",381217,9614,106768,,
"2020-11-14 00:00:00",404048,9908,112942,,
"2020-11-15 00:00:00",408172,10017,113710,,
"2020-11-16 00:00:00",374680,8963,100585,,
"2020-11-17 00:00:00",382107,8794,102724,,
"2020-11-18 00:00:00",393675,8576,101482,,
"2020-11-19 00:00:00",388209,8872,106538,,
"2020-11-20 00:00:00",400441,9201,110462,,
"2020-11-21 00:00:00",435473,9453,117181,,
"2020-11-22 00:00:00",433839,9641,117320,,
"2020-11-23 00:00:00",405145,8473,103488,,
"2020-11-24 00:00:00",394582,8243,103084,,
"2020-11-25 00:00:00",396957,8425,105724,,
"2020-11-26 00:00:00",402714,9190,104375,,
"2020-11-27 00:00:00",417104,10402,107638,,
"2020-11-28 00:00:00",440877,11151,112237,,
"2020-11-29 00:00:00",438119,11138,110201,,
"2020-11-30 00:00:00",406080,10220,100277,,
"2020-12-01 00:00:00",400859,10070,101739,,
"2020-12-02 00:00:00",413921,9683,111604,,
"2020-12-03 00:00:00",402951,9219,107623,,
"2020-12-04 00:00:00",412461,10068,108028,,
"2020-12-05 00:00:00",435718,10596,113382,,
"2020-12-06 00:00:00",434478,10564,112607,,
"2020-12-07 00:00:00",402995,9618,102253,,
"2020-12-08 00:00:00",396208,9464,100290,,
"2020-12-09 00:00:00",390512,9310,96765,,
"2020-12-10 00:00:00",370749,8071,85845,,
"2020-12-11 00:00:00",389069,9003,90116,,
"2020-12-12 00:00:00",412664,10008,95860,,
"2020-12-13 00:00:00",411293,9909,94105,,
"2020-12-14 00:00:00",379089,11286,85121,,
"2020-12-15 00:00:00",366717,10650,86519,,
"2020-12-16 00:00:00",413505,13803,90450,,
"2020-12-17 00:00:00",411777,14080,91405,,
"2020-12-18 00:00:00",424603,14251,93729,,
"2020-12-19 00:00:00",445857,15128,97261,,
"2020-12-20 00:00:00",443468,15249,96254,,
"2020-12-21 00:00:00",411781,14628,93687,,
"2020-12-22 00:00:00",411995,14038,94975,,
"2020-12-23 00:00:00",399264,13706,92641,,
"2020-12-24 00:00:00",384577,10163,91808,,
"2020-12-25 00:00:00",391729,12474,91141,,
"2020-12-26 00:00:00",440637,14733,98395,,
"2020-12-27 00:00:00",447894,15474,101549,,
"2020-12-28 00:00:00",419305,15241,97210,,
"2020-12-29 00:00:00",422479,15680,96514,,
"2020-12-30 00:00:00",414897,13955,96790,,
"2020-12-31 00:00:00",358893,10302,83700,,
"2021-01-01 00:00:00",416747,13765,94173,,
"2021-01-02 00:00:00",426721,15232,101156,,
"2021-01-03 00:00:00",438959,14426,101812,,
"2021-01-04 00:00:00",420318,13412,97384,,
"2021-01-05 00:00:00",419119,13544,96914,,
"2021-01-06 00:00:00",425430,12860,107262,,
"2021-01-07 00:00:00",432574,12771,105465,,
"2021-01-08 00:00:00",429530,13045,106870,,
"2021-01-09 00:00:00",454324,13627,109804,,
"2021-01-10 00:00:00",451649,13074,107386,,
"2021-01-11 00:00:00",416055,11570,95567,,
"2021-01-12 00:00:00",414614,11593,95478,,
"2021-01-13 00:00:00",413897,11365,94624,,
"2021-01-14 00:00:00",410936,11197,94856,,
"2021-01-15 00:00:00",421204,11899,101075,,
"2021-01-16 00:00:00",444153,12586,111975,,
"2021-01-17 00:00:00",453629,11953,109142,,
"2021-01-18 00:00:00",424562,10939,102846,,
"2021-01-19 00:00:00",424118,10471,105477,,
"2021-01-20 00:00:00",429872,10488,104588,,
"2021-01-21 00:00:00",421397,10943,105795,,
"2021-01-22 00:00:00",431689,11738,114115,,
"2021-01-23 00:00:00",452989,12338,120072,,
"2021-01-24 00:00:00",456784,11963,120023,,
"2021-01-25 00:00:00",430231,11000,111115,,
"2021-01-26 00:00:00",427413,11898,112896,,
"2021-01-27 00:00:00",431708,12079,117875,,
"2021-01-28 00:00:00",430954,12342,118437,,
"2021-01-29 00:00:00",430294,13417,124518,,
"2021-01-30 00:00:00",451631,14377,130490,,
"2021-01-31 00:00:00",457281,15289,129423,,
"2021-02-01 00:00:00",429621,13847,121814,,
"2021-02-02 00:00:00",424040,13398,142636,,
"2021-02-03 00:00:00",421649,13305,184170,,
"2021-02-04 00:00:00",415688,12973,175745,,
"2021-02-05 00:00:00",394483,14082,172564,,
"2021-02-06 00:00:00",415745,15932,180705,,
"2021-02-07 00:00:00",410402,15257,180224,,
"2021-02-08 00:00:00",391746,13853,166748,,
"2021-02-09 00:00:00",384591,13265,168731,,
"2021-02-10 00:00:00",374636,12867,196449,,
"2021-02-11 00:00:00",281878,13212,180294,,
"2021-02-12 00:00:00",346770,14149,184973,,
"2021-02-13 00:00:00",364886,14545,193051,,
"2021-02-14 00:00:00",374450,13397,187163,,
"2021-02-15 00:00:00",389632,14248,168979,,
"2021-02-16 00:00:00",398518,13135,180896,,
"2021-02-17 00:00:00",361572,12487,175855,,
"2021-02-18 00:00:00",416467,12838,181072,,
"2021-02-19 00:00:00",432598,13140,188214,,
"2021-02-20 00:00:00",439571,13561,196151,,
"2021-02-21 00:00:00",440972,13683,194352,,
"2021-02-22 00:00:00",433439,12867,190092,,
"2021-02-23 00:00:00",435736,12213,188305,,
"2021-02-24 00:00:00",429928,12153,184796,,
"2021-02-25 00:00:00",430872,12465,184391,,
"2021-02-26 00:00:00",436835,12920,188615,,
"2021-02-27 00:00:00",447430,12717,198235,,
"2021-02-28 00:00:00",460071,12882,196287,,
"2021-03-01 00:00:00",436014,11846,184568,,
"2021-03-02 00:00:00",429068,11668,186414,,
"2021-03-03 00:00:00",425257,11434,185426,,
"2021-03-04 00:00:00",421918,11805,186412,,
"2021-03-05 00:00:00",444052,12534,202761,,
"2021-03-06 00:00:00",462347,12686,208209,,
"2021-03-07 00:00:00",451829,13072,207038,,
"2021-03-08 00:00:00",418039,11855,193613,,
"2021-03-09 00:00:00",413354,16119,194564,,
"2021-03-10 00:00:00",384359,15486,214368,,
"2021-03-11 00:00:00",421501,14212,213319,,
"2021-03-12 00:00:00",450496,15963,218477,,
"2021-03-13 00:00:00",454613,16360,228948,,
"2021-03-14 00:00:00",442758,16946,226306,,
"2021-03-15 00:00:00",422559,15788,208284,,
"2021-03-16 00:00:00",419658,15165,205597,,
"2021-03-17 00:00:00",415407,14602,206020,,
"2021-03-18 00:00:00",445227,14681,202839,,
"2021-03-19 00:00:00",467758,15969,211388,,
"2021-03-20 00:00:00",462232,16310,222051,,
"2021-03-21 00:00:00",466356,16650,220470,,
"2021-03-22 00:00:00",430104,16091,201336,,
"2021-03-23 00:00:00",421849,16206,199861,,
"2021-03-24 00:00:00",402118,24784,145849,,
"2021-03-25 00:00:00",403281,22212,185061,,
"2021-03-26 00:00:00",430868,23214,201734,,
"2021-03-27 00:00:00",428391,24956,209663,,
"2021-03-28 00:00:00",406055,28486,206901,,
"2021-03-29 00:00:00",408211,32430,191976,,
"2021-03-30 00:00:00",408004,30382,190061,,
"2021-03-31 00:00:00",435475,31169,190180,,
"2021-04-01 00:00:00",438258,31223,192481,,
"2021-04-02 00:00:00",451952,32613,201167,,
"2021-04-03 00:00:00",454912,31781,194680,,
"2021-04-04 00:00:00",458345,32698,166073,,
"2021-04-05 00:00:00",438287,31016,202732,,
"2021-04-06 00:00:00",419519,29590,196318,,
"2021-04-07 00:00:00",416735,30045,190627,,
"2021-04-08 00:00:00",408832,30769,191590,,
"2021-04-09 00:00:00",431349,30330,205746,,
"2021-04-10 00:00:00",448948,31326,213128,,
"2021-04-11 00:00:00",443757,31304,207582,,
"2021-04-12 00:00:00",408524,28499,191816,,
"2021-04-13 00:00:00",384902,26268,193419,,
"2021-04-14 00:00:00",409742,19974,209391,,
"2021-04-15 00:00:00",387987,26663,206535,,
"2021-04-16 00:00:00",413188,26042,213374,,
"2021-04-17 00:00:00",418899,25526,220537,,
"2021-04-18 00:00:00",404780,25667,207214,,
"2021-04-19 00:00:00",383635,22773,196153,,
"2021-04-20 00:00:00",372970,22400,201382,,
"2021-04-21 00:00:00",385074,21207,202196,,
"2021-04-22 00:00:00",382116,19496,203779,,
"2021-04-23 00:00:00",412187,19635,219194,,
"2021-04-24 00:00:00",409347,19908,216735,,
"2021-04-25 00:00:00",405998,20303,214411,,
"2021-04-26 00:00:00",382315,18722,201926,,
"2021-04-27 00:00:00",377525,19082,214613,,
"2021-04-28 00:00:00",395897,18207,205135,,
"2021-04-29 00:00:00",387764,18573,198423,,
"2021-04-30 00:00:00",383798,18687,209324,,
"2021-05-01 00:00:00",368599,18096,204445,,
"2021-05-02 00:00:00",374847,19018,205068,,
"2021-05-03 00:00:00",382627,17843,205994,,
"2021-05-04 00:00:00",399320,16899,223596,,
"2021-05-05 00:00:00",399850,16616,313839,,
"2021-05-06 00:00:00",389252,16066,330879,,
"2021-05-07 00:00:00",401113,16113,315561,,
"2021-05-08 00:00:00",418917,16626,319674,,
"2021-05-09 00:00:00",393069,16237,292094,,
"2021-05-10 00:00:00",387681,15269,277013,,
"2021-05-11 00:00:00",379741,15140,273156,,
"2021-05-12 00:00:00",384783,16098,276115,,
"2021-05-13 00:00:00",383527,14559,277564,,
"2021-05-14 00:00:00",403406,15342,281457,,
"2021-05-15 00:00:00",419509,16012,287299,,
"2021-05-16 00:00:00",412401,16495,281255,,
"2021-05-17 00:00:00",386143,15169,254870,,
"2021-05-18 00:00:00",391654,14237,253718,,
"2021-05-19 00:00:00",384241,14394,258297,,
"2021-05-20 00:00:00",354763,14696,251581,,
"2021-05-21 00:00:00",369018,16189,261363,,
"2021-05-22 00:00:00",400235,16601,272968,,
"2021-05-23 00:00:00",385756,18108,253493,,
"2021-05-24 00:00:00",389897,16535,253898,,
"2021-05-25 00:00:00",387505,17075,250205,,
"2021-05-26 00:00:00",399055,17432,256722,,
"2021-05-27 00:00:00",391255,17138,251469,,
"2021-05-28 00:00:00",398299,18159,255067,,
"2021-05-29 00:00:00",411161,17238,262942,,
"2021-05-30 00:00:00",396742,18022,249886,,
"2021-05-31 00:00:00",377825,18294,239979,,
"2021-06-01 00:00:00",364870,16649,235336,,
"2021-06-02 00:00:00",413576,16521,234776,,
"2021-06-03 00:00:00",416239,16637,240630,,
"2021-06-04 00:00:00",421077,16906,253333,,
"2021-06-05 00:00:00",431012,17126,257108,,
"2021-06-06 00:00:00",420950,18277,248748,,
"2021-06-07 00:00:00",396295,16655,238995,,
"2021-06-08 00:00:00",395550,15603,237082,,
"2021-06-09 00:00:00",394818,14940,234364,,
"2021-06-10 00:00:00",390075,14164,228105,,
"2021-06-11 00:00:00",395110,14229,236540,,
"2021-06-12 00:00:00",393578,14537,237943,,
"2021-06-13 00:00:00",398598,15625,234276,,
"2021-06-14 00:00:00",393727,14748,224897,,
"2021-06-15 00:00:00",378535,12267,225722,,
"2021-06-16 00:00:00",374559,13811,239768,,
"2021-06-17 00:00:00",364646,13633,238265,,
"2021-06-18 00:00:00",380337,13724,250794,,
"2021-06-19 00:00:00",381119,13653,254008,,
"2021-06-20 00:00:00",377065,15450,246283,,
"2021-06-21 00:00:00",365077,14236,241559,,
"2021-06-22 00:00:00",359676,13385,242879,,
"2021-06-23 00:00:00",359262,11495,236601,,
"2021-06-24 00:00:00",362019,14240,236741,,
"2021-06-25 00:00:00",377699,14934,247487,,
"2021-06-26 00:00:00",384192,15070,246266,,
"2021-06-27 00:00:00",378630,17603,236460,,
"2021-06-28 00:00:00",369933,16240,230978,,
"2021-06-29 00:00:00",373893,16263,234415,,
"2021-06-30 00:00:00",372133,15800,266609,,
"2021-07-01 00:00:00",374799,15841,256090,,
"2021-07-02 00:00:00",398307,15297,262535,,
"2021-07-03 00:00:00",404319,15339,259264,,
"2021-07-04 00:00:00",395824,17827,248837,,
"2021-07-05 00:00:00",378648,18249,240513,,
"2021-07-06 00:00:00",375624,15680,236808,,
"2021-07-07 00:00:00",413414,14814,230407,,
"2021-07-08 00:00:00",398363,16395,218388,,
"2021-07-09 00:00:00",401500,14102,218080,,
"2021-07-10 00:00:00",412815,14062,200149,,
"2021-07-11 00:00:00",410019,14303,217358,,
"2021-07-12 00:00:00",382769,14832,212275,,
"2021-07-13 00:00:00",389784,14489,221780,,
"2021-07-14 00:00:00",386456,14343,231054,,
"2021-07-15 00:00:00",383892,14500,230344,,
"2021-07-16 00:00:00",398253,14493,233887,,
"2021-07-17 00:00:00",403070,14487,233750,,
"2021-07-18 00:00:00",401529,16083,230383,,
"2021-07-19 00:00:00",389722,15090,227905,,
"2021-07-20 00:00:00",377131,20378,228134,,
"2021-07-21 00:00:00",383292,21360,217299,,
"2021-07-22 00:00:00",375771,20497,218013,,
"2021-07-23 00:00:00",385766,19560,218856,,
"2021-07-24 00:00:00",393318,19960,222111,,
"2021-07-25 00:00:00",396804,21536,217459,,
"2021-07-26 00:00:00",385404,19300,213850,,
"2021-07-27 00:00:00",372518,18398,219271,,
"2021-07-28 00:00:00",385804,17805,220318,,
"2021-07-29 00:00:00",381805,17841,219611,,
"2021-07-30 00:00:00",383674,17362,223260,,
"2021-07-31 00:00:00",386898,17613,224414,,
"2021-08-01 00:00:00",381960,19979,216999,,
"2021-08-02 00:00:00",373780,18530,212756,,
"2021-08-03 00:00:00",363946,17648,214706,,
"2021-08-04 00:00:00",393195,17360,330509,,
"2021-08-05 00:00:00",408750,16397,312684,,
"2021-08-06 00:00:00",413380,16501,301551,,
"2021-08-07 00:00:00",416393,16644,297238,,
"2021-08-08 00:00:00",414164,18336,295361,,
"2021-08-09 00:00:00",403277,17305,284682,,
"2021-08-10 00:00:00",429774,16592,277877,,
"2021-08-11 00:00:00",444442,16387,285125,,
"2021-08-12 00:00:00",432470,15300,281136,70731,
"2021-08-13 00:00:00",426415,15281,269108,70071,
"2021-08-14 00:00:00",406819,16283,272037,73517,
"2021-08-15 00:00:00",431295,17770,276766,86136,
"2021-08-16 00:00:00",405600,17350,267479,92454,
"2021-08-17 00:00:00",316791,16329,272274,99186,
"2021-08-18 00:00:00",376843,16177,273558,104607,
"2021-08-19 00:00:00",367735,17014,273311,105685,
"2021-08-20 00:00:00",388254,17539,273429,105033,
"2021-08-21 00:00:00",398024,17966,285825,110397,
"2021-08-22 00:00:00",394497,20031,283666,116540,
"2021-08-23 00:00:00",387539,18230,274270,117416,
"2021-08-24 00:00:00",387266,18312,273731,119095,
"2021-08-25 00:00:00",379443,28789,272842,118240,
"2021-08-26 00:00:00",377261,28951,269394,116797,
"2021-08-27 00:00:00",384586,28344,271588,116123,
"2021-08-28 00:00:00",393691,31015,276931,117841,
"2021-08-29 00:00:00",384649,34831,275073,123156,
"2021-08-30 00:00:00",381883,30427,266344,128628,
"2021-08-31 00:00:00",377962,28227,262525,127936,
"2021-09-01 00:00:00",372900,27327,245804,126480,
"2021-09-02 00:00:00",364825,26866,246761,126842,
"2021-09-03 00:00:00",384282,27345,263289,128005,
"2021-09-04 00:00:00",400709,27873,275617,132125,
"2021-09-05 00:00:00",389126,29812,264631,135756,
"2021-09-06 00:00:00",366029,31125,254749,139115,
"2021-09-07 00:00:00",349998,26704,253028,138030,
"2021-09-08 00:00:00",370526,25539,250220,136301,
"2021-09-09 00:00:00",362083,24002,243762,138164,
"2021-09-10 00:00:00",371311,24095,254380,133269,
"2021-09-11 00:00:00",384242,25300,270503,135421,
"2021-09-12 00:00:00",371851,26962,251849,134227,
"2021-09-13 00:00:00",355271,24461,234086,138604,
"2021-09-14 00:00:00",353151,22806,237471,137829,
"2021-09-15 00:00:00",356156,23026,229159,137878,
"2021-09-16 00:00:00",357308,22644,211510,157267,
"2021-09-17 00:00:00",371708,23230,204609,154134,
"2021-09-18 00:00:00",375265,23970,209058,153181,
"2021-09-19 00:00:00",382426,25704,224496,151973,
"2021-09-20 00:00:00",374697,22923,204170,151977,
"2021-09-21 00:00:00",355425,23052,224026,152857,
"2021-09-22 00:00:00",364982,19431,234811,159966,
"2021-09-23 00:00:00",356971,19215,228512,160924,
"2021-09-24 00:00:00",377103,20121,242164,160283,
"2021-09-25 00:00:00",365949,20062,245069,154344,
"2021-09-26 00:00:00",342079,22101,232708,146361,
"2021-09-27 00:00:00",337765,19376,216288,145111,
"2021-09-28 00:00:00",324410,17294,212894,144803,
"2021-09-29 00:00:00",334074,16876,231532,143201,
"2021-09-30 00:00:00",329057,16621,232530,133391,
"2021-10-01 00:00:00",331054,16711,234921,124643,
"2021-10-02 00:00:00",333166,17141,248146,125020,
"2021-10-03 00:00:00",337804,18281,235048,126959,
"2021-10-04 00:00:00",342437,16873,223580,131379,
"2021-10-05 00:00:00",341912,16488,220593,131161,
"2021-10-06 00:00:00",377217,15896,225985,135964,
"2021-10-07 00:00:00",370964,15390,225088,141852,28
"2021-10-08 00:00:00",370381,15100,224997,137407,53
"2021-10-09 00:00:00",393772,16173,248928,140495,61
"2021-10-10 00:00:00",389449,17982,236669,133676,89
"2021-10-11 00:00:00",342617,16887,213608,127189,69
"2021-10-12 00:00:00",328692,18395,212607,124651,74
"2021-10-13 00:00:00",322666,17642,219853,119244,81
"2021-10-14 00:00:00",325030,16863,218978,121466,87
"2021-10-15 00:00:00",334994,17499,234328,121579,78
"2021-10-16 00:00:00",347298,18088,241385,119163,78
"2021-10-17 00:00:00",331260,19334,215825,113795,73
"2021-10-18 00:00:00",309353,17176,204295,112408,72
"2021-10-19 00:00:00",316872,16463,217115,115734,70
"2021-10-20 00:00:00",336676,16792,220494,113311,89
"2021-10-21 00:00:00",324161,17661,228001,111949,72
"2021-10-22 00:00:00",328114,18419,245195,109271,69
"2021-10-23 00:00:00",334657,19564,245563,105225,78
"2021-10-24 00:00:00",335468,20818,237017,109292,78
"2021-10-25 00:00:00",315807,19221,223471,111673,71
"2021-10-26 00:00:00",317576,29831,226829,108752,75
"2021-10-27 00:00:00",323384,28254,245629,108245,79
"2021-10-28 00:00:00",325421,27448,232885,110443,80
"2021-10-29 00:00:00",335193,27629,252135,109783,81
"2021-10-30 00:00:00",330768,27922,238953,101435,81
"2021-10-31 00:00:00",318334,28554,219378,93079,79
"2021-11-01 00:00:00",319162,28185,217300,97668,75
"2021-11-02 00:00:00",311414,27320,215412,96650,79
"2021-11-03 00:00:00",297475,26228,318330,97769,64
"2021-11-04 00:00:00",298593,25594,299269,92155,67
"2021-11-05 00:00:00",317158,25254,297905,93926,78
"2021-11-06 00:00:00",261062,25776,260924,65563,85
"2021-11-07 00:00:00",328192,26565,278920,87221,76
"2021-11-08 00:00:00",293759,23795,245235,83335,69
"2021-11-09 00:00:00",286248,19340,243411,83708,69
"2021-11-10 00:00:00",286167,18815,242615,82759,73
"2021-11-11 00:00:00",282120,19585,237956,128109,81
"2021-11-12 00:00:00",313709,19664,250114,134729,86
"2021-11-13 00:00:00",331588,19849,261414,139203,93
"2021-11-14 00:00:00",327718,20628,248742,142272,83
"2021-11-15 00:00:00",304020,18048,224720,148462,90
"2021-11-16 00:00:00",298752,17228,221324,151445,96
"2021-11-17 00:00:00",302177,16784,220650,154161,103
"2021-11-18 00:00:00",300255,20262,218927,151608,105
"2021-11-19 00:00:00",304479,20142,228134,147490,101
"2021-11-20 00:00:00",329843,19582,238178,143185,109
"2021-11-21 00:00:00",332963,20733,227253,141083,114
"2021-11-22 00:00:00",311004,18941,209289,140415,111
"2021-11-23 00:00:00",300410,18035,208061,138233,131
"2021-11-24 00:00:00",309369,20931,213279,134786,143
"2021-11-25 00:00:00",305952,21371,208788,140554,138
"2021-11-26 00:00:00",329397,23259,227438,137417,168
"2021-11-27 00:00:00",341570,23717,234487,133627,161
"2021-11-28 00:00:00",344841,25853,223963,129716,157
"2021-11-29 00:00:00",323965,25026,202003,134084,186
"2021-11-30 00:00:00",318236,23629,203225,132788,197
"2021-12-01 00:00:00",323237,22174,197535,128677,210
"2021-12-02 00:00:00",323152,21128,201064,128795,200
"2021-12-03 00:00:00",346402,22067,216303,134359,176
"2021-12-04 00:00:00",359198,22041,229479,132725,161
"2021-12-05 00:00:00",358776,22623,223052,131474,122
"2021-12-06 00:00:00",332716,20396,199741,131632,153
"2021-12-07 00:00:00",330218,19547,201743,129460,147
"2021-12-08 00:00:00",332319,18934,229765,128233,137
"2021-12-09 00:00:00",333090,18515,225354,128848,132
"2021-12-10 00:00:00",358729,19788,236378,130755,137
"2021-12-11 00:00:00",363651,20739,245789,129106,131
"2021-12-12 00:00:00",366455,20680,230190,128508,121
"2021-12-13 00:00:00",341871,18846,211393,128748,140
"2021-12-14 00:00:00",334295,18961,208833,164536,141
"2021-12-15 00:00:00",334295,30244,206515,155660,158
"2021-12-16 00:00:00",320240,29664,205692,154954,159
"2021-12-17 00:00:00",339944,28702,211602,151248,143
"2021-12-18 00:00:00",344591,29818,219218,169663,143
"2021-12-19 00:00:00",335726,31611,205390,168425,143
"2021-12-20 00:00:00",325213,29725,196655,174198,393
"2021-12-21 00:00:00",325776,29415,193867,172808,406
"2021-12-22 00:00:00",331114,28035,227149,165557,408
"2021-12-23 00:00:00",322298,27778,217943,187468,432
"2021-12-24 00:00:00",325149,19409,218056,170670,446
"2021-12-25 00:00:00",333724,23386,211783,164506,364
"2021-12-26 00:00:00",340260,27527,215846,159971,435
"2021-12-27 00:00:00",328271,28885,211985,162386,564
"2021-12-28 00:00:00",325726,29087,212885,156755,566
"2021-12-29 00:00:00",321938,29964,210005,153866,624
"2021-12-30 00:00:00",317979,30818,213331,159283,580
"2021-12-31 00:00:00",279623,22873,187354,126718,620
"2022-01-01 00:00:00",325101,30988,207966,136232,686
"2022-01-02 00:00:00",346215,32624,221472,139324,745
"2022-01-03 00:00:00",336367,30944,216295,137210,876
"2022-01-04 00:00:00",331819,29089,219030,137899,948
"2022-01-05 00:00:00",333813,22683,211551,132445,948
"2022-01-06 00:00:00",331935,22335,217717,134030,899
"2022-01-07 00:00:00",337494,23236,229693,129923,910
"2022-01-08 00:00:00",356557,24590,240517,124894,861
"2022-01-09 00:00:00",351766,24395,237441,121387,894
"2022-01-10 00:00:00",318253,20937,211491,121689,993
"2022-01-11 00:00:00",22055,20562,219526,120705,1042
"2022-01-12 00:00:00",668706,20411,225913,115396,1037
"2022-01-13 00:00:00",625564,20391,226546,116084,1071
"2022-01-14 00:00:00",657135,21491,240395,113770,1195
"2022-01-15 00:00:00",691794,22446,251137,109948,1138
"2022-01-16 00:00:00",699792,22852,251595,110056,1239
"2022-01-17 00:00:00",598428,21796,232823,112459,1442
"2022-01-18 00:00:00",576680,19795,234952,109609,1500
"2022-01-19 00:00:00",567516,19781,240289,109158,1621
"2022-01-20 00:00:00",528575,19167,236584,127465,1741
"2022-01-21 00:00:00",547706,20934,244723,119494,1987
"2022-01-22 00:00:00",595781,21683,264301,115932,1772
"2022-01-23 00:00:00",604711,22153,265202,113031,1868
"2022-01-24 00:00:00",526863,19663,245748,109382,1935
"2022-01-25 00:00:00",505694,18997,244704,111736,2400
"2022-01-26 00:00:00",515678,17962,247707,107029,2305
"2022-01-27 00:00:00",489753,23785,244825,107135,2665
"2022-01-28 00:00:00",492345,24502,250170,102522,2913
"2022-01-29 00:00:00",495759,25589,257592,98753,3398
"2022-01-30 00:00:00",477696,25466,249553,92761,3917
"2022-01-31 00:00:00",346254,23337,206870,74615,5371
"2022-02-01 00:00:00",397262,22287,223723,83905,7828
"2022-02-02 00:00:00",407619,22740,234094,86786,5565
"2022-02-03 00:00:00",415508,23281,238529,88670,5414
"2022-02-04 00:00:00",422878,22735,251194,88228,5585
"2022-02-05 00:00:00",457191,23081,270636,94380,5029
"2022-02-06 00:00:00",481932,24168,275329,98858,5017
"2022-02-07 00:00:00",461305,21443,253987,103420,4995
"2022-02-08 00:00:00",468317,20025,254302,105351,4894
"2022-02-09 00:00:00",467435,19824,392998,104830,4936
"2022-02-10 00:00:00",461856,20309,379171,104707,5850
"2022-02-11 00:00:00",491760,21203,366649,106072,6048
"2022-02-12 00:00:00",515551,20756,370418,105565,4791
"2022-02-13 00:00:00",522447,21393,361061,106616,4599
"2022-02-14 00:00:00",442296,17277,319552,133972,5142
"2022-02-15 00:00:00",458401,18518,322892,130570,5456
"2022-02-16 00:00:00",483587,18449,368305,123887,5237
"2022-02-17 00:00:00",487746,18509,351660,118607,5200
"2022-02-18 00:00:00",505977,19781,377302,118495,5603
"2022-02-19 00:00:00",532115,20075,393116,132769,5636
"2022-02-20 00:00:00",529134,21345,382211,138838,4771
"2022-02-21 00:00:00",492578,20301,349537,142477,5434
"2022-02-22 00:00:00",489072,19864,353465,142922,5359
"2022-02-23 00:00:00",516443,20869,357953,139780,5262
"2022-02-24 00:00:00",469031,19834,334045,143963,5668
"2022-02-25 00:00:00",498762,19165,335570,146209,5353
"2022-02-26 00:00:00",517585,20360,350290,148336,5198
"2022-02-27 00:00:00",514654,22221,337595,145705,4439
"2022-02-28 00:00:00",473313,19142,305401,149332,7893
"2022-03-01 00:00:00",468649,18055,303106,148909,13457
"2022-03-02 00:00:00",466001,17744,288246,147569,10081
"2022-03-03 00:00:00",472648,17394,287099,145039,8844
"2022-03-04 00:00:00",490902,17909,309284,147240,8043
"2022-03-05 00:00:00",509627,18741,329310,144267,7905
"2022-03-06 00:00:00",503148,20164,313383,138613,6720
"2022-03-07 00:00:00",466143,18172,283099,143519,6931
"2022-03-08 00:00:00",454552,17083,281993,137928,6830
"2022-03-09 00:00:00",451633,17371,288086,138791,6698
"2022-03-10 00:00:00",451752,17519,289307,139864,7945
"2022-03-11 00:00:00",482055,19241,316694,141584,14971
"2022-03-12 00:00:00",499034,20213,334591,165976,18343
"2022-03-13 00:00:00",490467,21330,325665,153655,19509
"2022-03-14 00:00:00",446017,18920,294368,156400,8471
"2022-03-15 00:00:00",440756,18204,301430,147806,8219
"2022-03-16 00:00:00",405236,17600,300658,146206,7774
"2022-03-17 00:00:00",485385,19005,302759,145924,7094
"2022-03-18 00:00:00",506435,19709,288800,150852,7273
"2022-03-19 00:00:00",533702,20234,330630,148173,7242
"2022-03-20 00:00:00",528270,20975,331255,141352,6532
"2022-03-21 00:00:00",492352,19795,297529,141104,6374
"2022-03-22 00:00:00",467040,19216,295921,139207,6247
"2022-03-23 00:00:00",499580,18440,323348,137400,6157
"2022-03-24 00:00:00",477218,31508,324389,136335,6184
"2022-03-25 00:00:00",512632,30423,335708,141491,6870
"2022-03-26 00:00:00",536252,31062,354951,138089,6774
"2022-03-27 00:00:00",523928,33470,348873,131270,6315
"2022-03-28 00:00:00",487644,30410,320320,132068,5954
"2022-03-29 00:00:00",483450,28694,324565,132259,5815
"2022-03-30 00:00:00",504990,30487,338224,128170,5759
"2022-03-31 00:00:00",500106,28526,340738,147390,5852
"2022-04-01 00:00:00",523475,29535,349925,145867,15540
"2022-04-02 00:00:00",527621,30887,374363,146195,13997
"2022-04-03 00:00:00",526974,32351,362499,142532,12692
"2022-04-04 00:00:00",498963,28654,325366,143373,11025
"2022-04-05 00:00:00",482048,27825,309664,138864,15109
"2022-04-06 00:00:00",462482,26606,347803,138674,15435
"2022-04-07 00:00:00",448712,27048,337498,138442,15245
"2022-04-08 00:00:00",469750,27683,357530,138057,16469
"2022-04-09 00:00:00",511447,28514,376328,137257,20128
"2022-04-10 00:00:00",491050,29112,358113,130394,16774
"2022-04-11 00:00:00",443687,26028,330792,130165,15827
"2022-04-12 00:00:00",447530,24416,331281,132657,17403
"2022-04-13 00:00:00",487174,24231,319887,131091,16170
"2022-04-14 00:00:00",483777,24504,323486,135631,21842
"2022-04-15 00:00:00",510222,25475,353052,138471,15634
"2022-04-16 00:00:00",524023,24628,353829,135721,15972
"2022-04-17 00:00:00",518720,25565,337718,129568,14820
"2022-04-18 00:00:00",482960,21304,331303,129937,14722
"2022-04-19 00:00:00",465294,20746,318278,127710,14607
"2022-04-20 00:00:00",461703,20489,329009,125790,15473
"2022-04-21 00:00:00",455394,21029,322677,123536,18007
"2022-04-22 00:00:00",478732,22372,332861,127527,19422
"2022-04-23 00:00:00",480207,22418,337545,120196,19360
"2022-04-24 00:00:00",481521,23360,329286,118607,17548
"2022-04-25 00:00:00",450479,20874,300784,118684,14717
"2022-04-26 00:00:00",442423,20180,306628,117918,14493
"2022-04-27 00:00:00",448870,19531,311367,116934,14102
"2022-04-28 00:00:00",447273,20457,310385,122112,15127
"2022-04-29 00:00:00",455322,20933,311885,116889,20233
"2022-04-30 00:00:00",470430,21497,324208,120779,19149
"2022-05-01 00:00:00",467271,23427,317446,120086,20928
"2022-05-02 00:00:00",445167,21050,311526,123769,18100
"2022-05-03 00:00:00",451653,19984,309654,126062,17306
"2022-05-04 00:00:00",439176,19252,299197,121901,17473
"2022-05-05 00:00:00",441946,19060,303334,123900,16708
"2022-05-06 00:00:00",431607,20427,305312,126532,16850
"2022-05-07 00:00:00",470056,21125,330502,129404,19860
"2022-05-08 00:00:00",463782,22102,319188,121838,17955
"2022-05-09 00:00:00",442090,20698,294259,123161,15211
"2022-05-10 00:00:00",431128,19952,289152,129636,14859
"2022-05-11 00:00:00",447497,19436,412556,124504,17376
"2022-05-12 00:00:00",438767,19780,393732,122155,16038
"2022-05-13 00:00:00",431497,20247,386497,116273,20021
"2022-05-14 00:00:00",442394,20434,379537,112034,19208
"2022-05-15 00:00:00",433331,22500,357962,102308,19755
"2022-05-16 00:00:00",405220,22472,337961,103643,17313
"2022-05-17 00:00:00",407292,22106,338733,104052,16628
"2022-05-18 00:00:00",386083,21361,350156,103162,17740
"2022-05-19 00:00:00",404809,21661,353016,101421,17399
"2022-05-20 00:00:00",371394,21408,341580,93579,20937
"2022-05-21 00:00:00",408363,21272,359065,126125,20934
"2022-05-22 00:00:00",420015,23092,355807,122980,21481
"2022-05-23 00:00:00",390308,21556,330815,123474,16797
"2022-05-24 00:00:00",377483,20824,331268,118829,17503
"2022-05-25 00:00:00",402940,20646,332847,118983,18442
"2022-05-26 00:00:00",406847,19275,344898,119151,18261
"2022-05-27 00:00:00",420024,20039,359855,121207,19740
"2022-05-28 00:00:00",434814,19555,365666,117316,21756
"2022-05-29 00:00:00",425461,21763,349382,111422,21918
"2022-05-30 00:00:00",397136,22127,331355,111673,17762
"2022-05-31 00:00:00",392725,19581,327990,108526,17009
"2022-06-01 00:00:00",381537,18696,330924,110223,22608
"2022-06-02 00:00:00",391474,18662,332791,107981,22184
"2022-06-03 00:00:00",389028,18891,334160,100430,26891
"2022-06-04 00:00:00",406250,18992,344751,101887,30075
"2022-06-05 00:00:00",414321,21253,339857,102314,27337
"2022-06-06 00:00:00",388002,19301,336665,109375,21871
"2022-06-07 00:00:00",374777,18519,312639,106879,22332
"2022-06-08 00:00:00",392649,18054,329372,105617,21007
"2022-06-09 00:00:00",364795,17478,312615,98262,23243
"2022-06-10 00:00:00",386700,18013,327092,96882,26823
"2022-06-11 00:00:00",411873,18058,336620,96877,27832
"2022-06-12 00:00:00",407132,19502,324748,93382,27535
"2022-06-13 00:00:00",381387,17999,306680,98779,22897
"2022-06-14 00:00:00",367516,17301,302819,95963,24476
"2022-06-15 00:00:00",363510,16601,306113,94076,25290
"2022-06-16 00:00:00",354932,16844,303376,91609,28462
"2022-06-17 00:00:00",362452,17307,321062,91056,30481
"2022-06-18 00:00:00",381560,17286,320157,89352,30275
"2022-06-19 00:00:00",383652,18721,309017,87100,30261
"2022-06-20 00:00:00",368747,19001,301056,87024,31041
"2022-06-21 00:00:00",362216,17879,288518,86911,28409
"2022-06-22 00:00:00",374635,17207,353279,87629,23467
"2022-06-23 00:00:00",360953,16554,339985,107845,22062
"2022-06-24 00:00:00",365130,16860,337450,103373,22865
"2022-06-25 00:00:00",371579,17144,329123,99928,23268
"2022-06-26 00:00:00",381940,19216,319198,99683,23727
"2022-06-27 00:00:00",359978,18282,303478,98753,23368
"2022-06-28 00:00:00",353383,17676,297017,96902,23479
"2022-06-29 00:00:00",350926,16688,326921,94881,24932
"2022-06-30 00:00:00",343915,16371,316725,94772,24075
"2022-07-01 00:00:00",352725,16936,326169,95267,26542
"2022-07-02 00:00:00",365016,16401,325390,93975,25364
"2022-07-03 00:00:00",367218,18467,321289,92940,27196
"2022-07-04 00:00:00",345422,18704,314300,92230,25098
"2022-07-05 00:00:00",336162,17311,311275,90504,27171
"2022-07-06 00:00:00",325018,17069,321574,88856,26875
"2022-07-07 00:00:00",321339,16845,317904,87877,25726
"2022-07-08 00:00:00",323313,17141,322192,107178,25699
"2022-07-09 00:00:00",336560,17512,327870,94646,25788
"2022-07-10 00:00:00",336046,19775,326375,91947,25015
"2022-07-11 00:00:00",324044,17946,325656,91796,26176
"2022-07-12 00:00:00",317500,17081,327640,89737,27051
"2022-07-13 00:00:00",394124,19694,322805,86597,28417
"2022-07-14 00:00:00",378465,18714,320783,92325,27420
"2022-07-15 00:00:00",377330,18841,321093,89302,27794
"2022-07-16 00:00:00",390006,18920,321151,89746,26690
"2022-07-17 00:00:00",391820,20545,329031,87408,26946
"2022-07-18 00:00:00",370958,19528,318704,88080,27303
"2022-07-19 00:00:00",370956,17941,323515,88014,27985
"2022-07-20 00:00:00",368841,18001,347783,85919,28928
"2022-07-21 00:00:00",366042,17936,342592,86183,28958
"2022-07-22 00:00:00",377501,19027,348415,85680,28067
"2022-07-23 00:00:00",381204,19007,341380,84226,27096
"2022-07-24 00:00:00",378491,21199,338719,83814,26995
"2022-07-25 00:00:00",357827,19758,332492,86282,28059
"2022-07-26 00:00:00",352756,20803,336273,84910,29639
"2022-07-27 00:00:00",366739,38802,344142,86475,28388
"2022-07-28 00:00:00",361132,34330,327741,86255,29176
"2022-07-29 00:00:00",365361,32276,336798,87071,29442
"2022-07-30 00:00:00",378838,32895,339538,87385,28137
"2022-07-31 00:00:00",378684,34424,337367,87476,28933
"2022-08-01 00:00:00",364301,33132,332026,87406,28938
"2022-08-02 00:00:00",356071,30781,343481,85960,29605
"2022-08-03 00:00:00",360837,29934,333275,85226,29821
"2022-08-04 00:00:00",332331,29039,329041,87580,29642
"2022-08-05 00:00:00",374795,29340,338480,80660,30050
"2022-08-06 00:00:00",376811,30218,333472,113226,32006
"2022-08-07 00:00:00",377786,33618,332089,108365,31598
"2022-08-08 00:00:00",375188,30586,330483,96300,28556
"2022-08-09 00:00:00",374224,28217,336370,97864,27615
"2022-08-10 00:00:00",379136,27697,511676,95785,28330
"2022-08-11 00:00:00",373309,26082,481340,93676,27558
"2022-08-12 00:00:00",385794,25892,472148,105124,29084
"2022-08-13 00:00:00",383900,26341,453705,96911,31854
"2022-08-14 00:00:00",392789,29390,457466,94755,29294
"2022-08-15 00:00:00",387832,26829,454229,88010,29799
"2022-08-16 00:00:00",376576,26641,450014,89276,28259
"2022-08-17 00:00:00",375145,25994,449493,88467,27284
"2022-08-18 00:00:00",370162,25988,440668,86530,27147
"2022-08-19 00:00:00",373948,25853,442796,162283,28197
"2022-08-20 00:00:00",384543,26533,445773,159465,30498
"2022-08-21 00:00:00",385301,28889,440910,165942,31564
"2022-08-22 00:00:00",367958,25748,430156,162269,25208
"2022-08-23 00:00:00",366593,23803,435838,160189,25250
"2022-08-24 00:00:00",375165,23554,432542,150904,25477
"2022-08-25 00:00:00",369124,23036,428210,150670,25690
"2022-08-26 00:00:00",376915,23659,417847,144908,26624
"2022-08-27 00:00:00",390882,24200,434513,147263,29946
"2022-08-28 00:00:00",396248,26573,442776,151473,29707
"2022-08-29 00:00:00",373687,24254,436235,153876,25006
"2022-08-30 00:00:00",374390,23413,439604,150927,25264
"2022-08-31 00:00:00",373729,22303,431388,145428,23184
"2022-09-01 00:00:00",359858,22470,416086,143492,25931
"2022-09-02 00:00:00",375989,23013,447127,149100,25415
"2022-09-03 00:00:00",398251,23455,462210,148935,26481
"2022-09-04 00:00:00",391887,25429,441083,144010,24574
"2022-09-05 00:00:00",375798,25925,435299,143975,28839
"2022-09-06 00:00:00",374434,22306,435075,144056,26501
"2022-09-07 00:00:00",408731,22448,437066,142544,29110
"2022-09-08 00:00:00",406459,22452,426851,139059,27822
"2022-09-09 00:00:00",413251,23190,433248,140244,31617
"2022-09-10 00:00:00",412853,24680,424052,130126,35391
"2022-09-11 00:00:00",442131,26859,431336,131284,33687
"2022-09-12 00:00:00",423516,23846,409777,132629,26247
"2022-09-13 00:00:00",425046,22799,414990,137933,26910